Workbook
Name ExpFactor: 정확도!#REF!
Name GunType.Eng: Enum!$J$3:$J$12
Name GunType.Kor: Enum!$K$3:$K$12
Name RefAngle: 정확도!$B$2
Name SniperRefAngle: 정확도!$B$3
Name StageCategoryType.Kor: Enum!$C$4:$C$9:Enum!#REF!
Name WeaponSlotType.Kor: Enum!$C$3:$C$8
Name WeaponTacticalType.Kor: Enum!$O$3:$O$8
Name WeaponType.Kor: Enum!$G$3:$G$11

Sheet Database
A1: WeaponDB
D2: WeaponSlotType | E2: WeaponType | F2: WeaponTacticalType | G2: GunType
A3: ID | B3: 팩번호 | C3: 이름 | D3: 슬롯 | E3: 유형 | F3: 전술 유형 | G3: 총기특성 | H3: 정렬 키 | I3: 탄창 당 탄약 수 | J3: 기본 탄창 | K3: 최대 탄창 | L3: 기본 탄약 수 | M3: 최대 탄약 수 | N3: 산탄총 총알 수 | O3: 데미지 | P3: 연사속도 (RPM) | Q3: 발사간격 (초) | R3: 재장전 (초) | S3: 사거리 | T3: 피해 반경 | U3: 효과 지속 시간 (초) | V3: 리소스 설정 에셋 | W3: 구 리소스 이름 (참고용) | X3: 로드아웃 공개 여부 | Y3: 투척무기 1회구매 수량 | Z3: 투척무기광고시청 제공수량 | AA3: 구매 가격 (Gold) | AB3: 1일 대여 | AC3: 7일 대여 | AD3: 30일 대여 | AE3: 탄퍼짐 기준값 (서있을 떄) | AF3: 줌 모드에서 탄퍼짐 기준값 (서있을 때) | AG3: 앉은 상태 탄퍼짐 배수 | AH3: 걸을 때 탄퍼짐 배수 | AI3: 뛸 때 탄퍼짐 배수 | AJ3: 명중률1 | AK3: 명중률2 샷건 적용 | AL3: 초당 명중률
A4: No | B4: - | C4: Name | D4: SlotType | E4: WeaponType | F4: TacticalType | G4: GunType | H4: SortKey | I4: AmmoPerClip | J4: Clips | K4: MaxClips | L4: - | M4: - | N4: - | O4: Damage | P4: FireRate | Q4: - | R4: ReloadTime | S4: Range | T4: DamageRadius | U4: DamageDuration | V4: ResSettings | W4: - | X4: IsOpen | Y4: GrBuyCnt | Z4: GrAdRewardCnt | AA4: BuyCost | AB4: Rent1dCost | AC4: Rent7dCost | AD4: Rent30dCost | AE4: SpreadAngle | AF4: SpreadAngleZoom | AG4: SpreadSitMultiply | AH4: SpreadWalkMultiply | AI4: SpreadRunMultiply | AJ4: - | AK4: - | AL4: -
A5: 1 | B5: 기본 | C5: SMG-5R | D5: ■□□□□기본슬롯 | E5: SMG | F5: - | G5: Machinegun | H5: 1 | I5: 30 | J5: 7 | K5: 10 | L5: =I5*J5 -> 210 | M5: =I5*K5 -> 300 | N5: 1 | O5: 19 | P5: 830 | Q5: =60/P5 -> 0.072289157 | R5: 2.2 | S5: 100 | V5: SMG-1 SMG-5R (Settings) | W5: Basic/Rifle | X5: 1 | AE5: 3.8 | AF5: 1 | AG5: 0.8 | AH5: 1.7 | AI5: 3.3 | AJ5: =ROUND(IF(G5="Sniper", SniperRefAngle/Database!AF5, RefAngle/Database!AE5) * IF(OR(E5="근접 무기", E5="투척 무기"), 0, 1) *100, 2) -> 78.95 | AK5: =ROUND((1 - POWER(1-AJ5/100,N5)) * 100,2) -> 78.95 | AL5: =ROUND((1 - POWER(1-AK5/100,P5/60)) * 100,2) -> 100
A6: 2 | B6: 기본 | C6: GLK-17X | D6: □■□□□보조슬롯 | E6: 권총 | F6: - | G6: Machinegun | H6: 2 | I6: 17 | J6: 5 | K6: 10 | L6: =I6*J6 -> 85 | M6: =I6*K6 -> 170 | N6: 1 | O6: 20 | P6: 300 | Q6: =60/P6 -> 0.2 | R6: 1.6 | S6: 50 | V6: Pistol-2 GLK-17X (Settings) | W6: Basic/Pistol | X6: 1 | AB6: 30 | AC6: 210 | AD6: 840 | AE6: 4.33 | AF6: 1 | AG6: 0.8 | AH6: 1.4 | AI6: 1.8 | AJ6: =ROUND(IF(G6="Sniper", SniperRefAngle/Database!AF6, RefAngle/Database!AE6) * IF(OR(E6="근접 무기", E6="투척 무기"), 0, 1) *100, 2) -> 69.28 | AK6: =ROUND((1 - POWER(1-AJ6/100,N6)) * 100,2) -> 69.28 | AL6: =ROUND((1 - POWER(1-AK6/100,P6/60)) * 100,2) -> 99.73
A7: 3 | B7: 기본 | C7: RMC-870 | D7: ■□□□□기본슬롯 | E7: 중화기 | F7: - | G7: Shotgun | H7: 1 | I7: 6 | J7: 8 | K7: 10 | L7: =I7*J7 -> 48 | M7: =I7*K7 -> 60 | N7: 8 | O7: 17 | P7: 48 | Q7: =60/P7 -> 1.25 | R7: 4.5 | S7: 20 | V7: Shotgun-3 RMC-870 (Settings) | W7: Basic/Shotgun | X7: 1 | AE7: 13.5 | AF7: 1 | AG7: 0.9 | AH7: 1.7 | AI7: 1.8 | AJ7: =ROUND(IF(G7="Sniper", SniperRefAngle/Database!AF7, RefAngle/Database!AE7) * IF(OR(E7="근접 무기", E7="투척 무기"), 0, 1) *100, 2) -> 22.22 | AK7: =ROUND((1 - POWER(1-AJ7/100,N7)) * 100,2) -> 86.6 | AL7: =ROUND((1 - POWER(1-AK7/100,P7/60)) * 100,2) -> 79.97
A8: 4 | B8: 기본 | C8: MK2 | D8: □□□■□투척슬롯 | E8: 투척 무기 | F8: 수류탄류 | G8: Grenade | H8: 1 | I8: 1 | J8: 2 | K8: 3 | L8: =I8*J8 -> 2 | M8: =I8*K8 -> 3 | N8: 1 | O8: 81 | P8: 999 | Q8: =60/P8 -> 0.06006006 | R8: 5 | S8: 35 | T8: 14 | V8: Grenade-4 MK2 (Settings) | W8: Basic/Grenade | X8: 1 | Y8: 10 | Z8: 4 | AA8: 50 | AE8: 20 | AF8: 10 | AG8: 0.7 | AH8: 1.2 | AI8: 1.5 | AJ8: =ROUND(IF(G8="Sniper", SniperRefAngle/Database!AF8, RefAngle/Database!AE8) * IF(OR(E8="근접 무기", E8="투척 무기"), 0, 1) *100, 2) -> 0 | AK8: =ROUND((1 - POWER(1-AJ8/100,N8)) * 100,2) -> 0 | AL8: =ROUND((1 - POWER(1-AK8/100,P8/60)) * 100,2) -> 0
A9: 5 | B9: 기본 | C9: M24 | D9: ■□□□□기본슬롯 | E9: 저격소총 | F9: - | G9: Sniper | H9: 1 | I9: 10 | J9: 5 | K9: 10 | L9: =I9*J9 -> 50 | M9: =I9*K9 -> 100 | N9: 1 | O9: 83 | P9: 48 | Q9: =60/P9 -> 1.25 | R9: 2.6 | S9: 600 | V9: Sniper-5 M24 (Settings) | W9: Basic/Sniper | X9: 1 | AE9: 5.6 | AF9: 0.102 | AG9: 0.8 | AH9: 1.5 | AI9: 3 | AJ9: =ROUND(IF(G9="Sniper", SniperRefAngle/Database!AF9, RefAngle/Database!AE9) * IF(OR(E9="근접 무기", E9="투척 무기"), 0, 1) *100, 2) -> 95.98 | AK9: =ROUND((1 - POWER(1-AJ9/100,N9)) * 100,2) -> 95.98 | AL9: =ROUND((1 - POWER(1-AK9/100,P9/60)) * 100,2) -> 92.35
A10: 6 | B10: 기본 | C10: K98 | D10: □□■□□근접슬롯 | E10: 근접 무기 | F10: - | G10: Knife | H10: 1 | M10: =I10*K10 -> 0 | N10: 1 | O10: 41 | P10: 100 | Q10: =60/P10 -> 0.6 | R10: 0.9 | S10: 2 | V10: Melee-6 K98 (Settings) | W10: Basic/Knife | X10: 1 | AE10: 4 | AF10: 1 | AG10: 1 | AH10: 1 | AI10: 1 | AJ10: =ROUND(IF(G10="Sniper", SniperRefAngle/Database!AF10, RefAngle/Database!AE10) * IF(OR(E10="근접 무기", E10="투척 무기"), 0, 1) *100, 2) -> 0 | AK10: =ROUND((1 - POWER(1-AJ10/100,N10)) * 100,2) -> 0 | AL10: =ROUND((1 - POWER(1-AK10/100,P10/60)) * 100,2) -> 0
A11: 7 | B11: 기본 | C11: Molotov | D11: □□□■□투척슬롯 | E11: 투척 무기 | F11: 화염병류 | G11: Grenade | H11: 2 | I11: 1 | J11: 2 | K11: 3 | L11: =I11*J11 -> 2 | M11: =I11*K11 -> 3 | N11: 1 | O11: 15 | P11: 999 | Q11: =60/P11 -> 0.06006006 | R11: 12 | S11: 30 | T11: 8 | U11: 6 | V11: Grenade-7 Molotov (Settings) | W11: Basic/Molotov | X11: 1 | Y11: 10 | Z11: 4 | AA11: 50 | AE11: 10.21 | AF11: 0.75 | AG11: 0.7 | AH11: 1.2 | AI11: 1.5 | AJ11: =ROUND(IF(G11="Sniper", SniperRefAngle/Database!AF11, RefAngle/Database!AE11) * IF(OR(E11="근접 무기", E11="투척 무기"), 0, 1) *100, 2) -> 0 | AK11: =ROUND((1 - POWER(1-AJ11/100,N11)) * 100,2) -> 0 | AL11: =ROUND((1 - POWER(1-AK11/100,P11/60)) * 100,2) -> 0
A12: 8 | B12: 기본 | C12: M320 | D12: ■□□□□기본슬롯 | E12: 중화기 | F12: - | G12: Launcher | H12: 5 | I12: 1 | J12: 6 | K12: 6 | L12: =I12*J12 -> 6 | M12: =I12*K12 -> 6 | N12: 1 | O12: 210 | P12: 45 | Q12: =60/P12 -> 1.3333333 | R12: 2.5 | S12: 100 | V12: Launcher-8 M320 (Settings) | W12: Basic/Launcher | AE12: 4.21 | AF12: 1 | AG12: 0.9 | AH12: 2.5 | AI12: 2.5 | AJ12: =ROUND(IF(G12="Sniper", SniperRefAngle/Database!AF12, RefAngle/Database!AE12) * IF(OR(E12="근접 무기", E12="투척 무기"), 0, 1) *100, 2) -> 71.26 | AK12: =ROUND((1 - POWER(1-AJ12/100,N12)) * 100,2) -> 71.26 | AL12: =ROUND((1 - POWER(1-AK12/100,P12/60)) * 100,2) -> 60.75
A13: 9 | B13: #1 | C13: SCA-R5 | D13: ■□□□□기본슬롯 | E13: 소총 | F13: - | G13: Machinegun | H13: 5 | I13: 30 | J13: 5 | K13: 10 | L13: =I13*J13 -> 150 | M13: =I13*K13 -> 300 | N13: 1 | O13: 24 | P13: 700 | Q13: =60/P13 -> 0.085714286 | R13: 2.2 | S13: 400 | V13: Rifle-9 SCA-R5 (Settings) | W13: WP1/Rifle02 | X13: 1 | AB13: 90 | AC13: 630 | AD13: 2520 | AE13: 3.4 | AF13: 1 | AG13: 0.8 | AH13: 1.6 | AI13: 3.5 | AJ13: =ROUND(IF(G13="Sniper", SniperRefAngle/Database!AF13, RefAngle/Database!AE13) * IF(OR(E13="근접 무기", E13="투척 무기"), 0, 1) *100, 2) -> 88.24 | AK13: =ROUND((1 - POWER(1-AJ13/100,N13)) * 100,2) -> 88.24 | AL13: =ROUND((1 - POWER(1-AK13/100,P13/60)) * 100,2) -> 100
A14: 10 | B14: #1 | C14: S2-V1A | D14: ■□□□□기본슬롯 | E14: 소총 | F14: - | G14: Machinegun | H14: 2 | I14: 30 | J14: 5 | K14: 10 | L14: =I14*J14 -> 150 | M14: =I14*K14 -> 300 | N14: 1 | O14: 23 | P14: 710 | Q14: =60/P14 -> 0.084507042 | R14: 2.2 | S14: 330 | V14: Rifle-10 S2-V1A (Settings) | W14: WP1/Rifle03 | X14: 1 | AB14: 30 | AC14: 210 | AD14: 840 | AE14: 3.6 | AF14: 1 | AG14: 0.8 | AH14: 1.3 | AI14: 3 | AJ14: =ROUND(IF(G14="Sniper", SniperRefAngle/Database!AF14, RefAngle/Database!AE14) * IF(OR(E14="근접 무기", E14="투척 무기"), 0, 1) *100, 2) -> 83.33 | AK14: =ROUND((1 - POWER(1-AJ14/100,N14)) * 100,2) -> 83.33 | AL14: =ROUND((1 - POWER(1-AK14/100,P14/60)) * 100,2) -> 100
A15: 11 | B15: #1 | C15: SMG-5KX | D15: ■□□□□기본슬롯 | E15: SMG | F15: - | G15: Machinegun | H15: 3 | I15: 30 | J15: 7 | K15: 10 | L15: =I15*J15 -> 210 | M15: =I15*K15 -> 300 | N15: 1 | O15: 21 | P15: 900 | Q15: =60/P15 -> 0.066666667 | R15: 2.1 | S15: 100 | V15: SMG-11 SMG-5KX (Settings) | W15: WP1/Rifle04 | X15: 1 | AB15: 50 | AC15: 350 | AD15: 1400 | AE15: 3.75 | AF15: 1 | AG15: 0.8 | AH15: 1.5 | AI15: 3 | AJ15: =ROUND(IF(G15="Sniper", SniperRefAngle/Database!AF15, RefAngle/Database!AE15) * IF(OR(E15="근접 무기", E15="투척 무기"), 0, 1) *100, 2) -> 80 | AK15: =ROUND((1 - POWER(1-AJ15/100,N15)) * 100,2) -> 80 | AL15: =ROUND((1 - POWER(1-AK15/100,P15/60)) * 100,2) -> 100
A16: 12 | B16: #1 | C16: TACTICAL AXE | D16: □□■□□근접슬롯 | E16: 근접 무기 | F16: - | G16: Knife | H16: 5 | L16: =I16*J16 -> 0 | M16: =I16*K16 -> 0 | N16: 1 | O16: 54 | P16: 90 | Q16: =60/P16 -> 0.66666667 | R16: 1.5 | S16: 2 | V16: Melee-12 TACTICAL AXE (Settings) | W16: WP1/Axe | X16: 1 | AB16: 90 | AC16: 630 | AD16: 2520 | AE16: 4 | AF16: 1 | AG16: 1 | AH16: 1 | AI16: 1 | AJ16: =ROUND(IF(G16="Sniper", SniperRefAngle/Database!AF16, RefAngle/Database!AE16) * IF(OR(E16="근접 무기", E16="투척 무기"), 0, 1) *100, 2) -> 0 | AK16: =ROUND((1 - POWER(1-AJ16/100,N16)) * 100,2) -> 0 | AL16: =ROUND((1 - POWER(1-AK16/100,P16/60)) * 100,2) -> 0
A17: 13 | B17: #1 | C17: M26 | D17: □□□■□투척슬롯 | E17: 투척 무기 | F17: 수류탄류 | G17: Grenade | H17: 3 | I17: 1 | J17: 2 | K17: 3 | L17: =I17*J17 -> 2 | M17: =I17*K17 -> 3 | N17: 1 | O17: 83 | P17: 999 | Q17: =60/P17 -> 0.06006006 | R17: 5 | S17: 30 | T17: 12 | V17: Grenade-13 M26 (Settings) | W17: WP1/Grenade2 | X17: 1 | Y17: 10 | Z17: 4 | AA17: 50 | AE17: 20.21 | AF17: 10 | AG17: 0.7 | AH17: 1.2 | AI17: 1.5 | AJ17: =ROUND(IF(G17="Sniper", SniperRefAngle/Database!AF17, RefAngle/Database!AE17) * IF(OR(E17="근접 무기", E17="투척 무기"), 0, 1) *100, 2) -> 0 | AK17: =ROUND((1 - POWER(1-AJ17/100,N17)) * 100,2) -> 0 | AL17: =ROUND((1 - POWER(1-AK17/100,P17/60)) * 100,2) -> 0
A18: 14 | B18: #1 | C18: MK.3 | D18: □■□□□보조슬롯 | E18: 권총 | F18: - | G18: Machinegun | H18: 4 | I18: 10 | J18: 8 | K18: 10 | L18: =I18*J18 -> 80 | M18: =I18*K18 -> 100 | N18: 1 | O18: 26 | P18: 280 | Q18: =60/P18 -> 0.21428571 | R18: 1.8 | S18: 35 | V18: Pistol-14 MK3 (Settings) | W18: WP1/Pistol1 | X18: 1 | AB18: 50 | AC18: 350 | AD18: 1400 | AE18: 4.3 | AF18: 1 | AG18: 0.8 | AH18: 1.5 | AI18: 1.9 | AJ18: =ROUND(IF(G18="Sniper", SniperRefAngle/Database!AF18, RefAngle/Database!AE18) * IF(OR(E18="근접 무기", E18="투척 무기"), 0, 1) *100, 2) -> 69.77 | AK18: =ROUND((1 - POWER(1-AJ18/100,N18)) * 100,2) -> 69.77 | AL18: =ROUND((1 - POWER(1-AK18/100,P18/60)) * 100,2) -> 99.62
A19: 15 | B19: #1 | C19: PP-R9 | D19: □■□□□보조슬롯 | E19: 권총 | F19: - | G19: Machinegun | H19: 1 | I19: 10 | J19: 8 | K19: 10 | L19: =I19*J19 -> 80 | M19: =I19*K19 -> 100 | N19: 1 | O19: 18 | P19: 200 | Q19: =60/P19 -> 0.3 | R19: 1.4 | S19: 50 | V19: Pistol-15 PP-R9 (Settings) | W19: WP1/Pistol2 | X19: 1 | AE19: 4.6 | AF19: 1 | AG19: 0.8 | AH19: 1.4 | AI19: 1.8 | AJ19: =ROUND(IF(G19="Sniper", SniperRefAngle/Database!AF19, RefAngle/Database!AE19) * IF(OR(E19="근접 무기", E19="투척 무기"), 0, 1) *100, 2) -> 65.22 | AK19: =ROUND((1 - POWER(1-AJ19/100,N19)) * 100,2) -> 65.22 | AL19: =ROUND((1 - POWER(1-AK19/100,P19/60)) * 100,2) -> 97.04
A20: 16 | B20: #1 | C20: TR-444X | D20: □■□□□보조슬롯 | E20: 권총 | F20: - | G20: Machinegun | H20: 5 | I20: 6 | J20: 9 | K20: 10 | L20: =I20*J20 -> 54 | M20: =I20*K20 -> 60 | N20: 1 | O20: 31 | P20: 150 | Q20: =60/P20 -> 0.4 | R20: 3 | S20: 50 | V20: Pistol-16 TR-444X (Settings) | W20: WP1/Pistol3 | X20: 1 | AB20: 70 | AC20: 490 | AD20: 1960 | AE20: 4.28 | AF20: 1 | AG20: 0.8 | AH20: 1.6 | AI20: 1.9 | AJ20: =ROUND(IF(G20="Sniper", SniperRefAngle/Database!AF20, RefAngle/Database!AE20) * IF(OR(E20="근접 무기", E20="투척 무기"), 0, 1) *100, 2) -> 70.09 | AK20: =ROUND((1 - POWER(1-AJ20/100,N20)) * 100,2) -> 70.09 | AL20: =ROUND((1 - POWER(1-AK20/100,P20/60)) * 100,2) -> 95.11
A21: 17 | B21: #1 | C21: KUKRI | D21: □□■□□근접슬롯 | E21: 근접 무기 | F21: - | G21: Knife | H21: 2 | L21: =I21*J21 -> 0 | M21: =I21*K21 -> 0 | N21: 1 | O21: 44 | P21: 200 | Q21: =60/P21 -> 0.3 | R21: 0.7 | S21: 2 | V21: Melee-17 KUKRI (Settings) | W21: WP1/Knife2 | X21: 1 | AB21: 30 | AC21: 210 | AD21: 840 | AE21: 4 | AF21: 1 | AG21: 1 | AH21: 1 | AI21: 1 | AJ21: =ROUND(IF(G21="Sniper", SniperRefAngle/Database!AF21, RefAngle/Database!AE21) * IF(OR(E21="근접 무기", E21="투척 무기"), 0, 1) *100, 2) -> 0 | AK21: =ROUND((1 - POWER(1-AJ21/100,N21)) * 100,2) -> 0 | AL21: =ROUND((1 - POWER(1-AK21/100,P21/60)) * 100,2) -> 0
A22: 18 | B22: #1 | C22: TSG-14 | D22: ■□□□□기본슬롯 | E22: 중화기 | F22: - | G22: Shotgun | H22: 3 | I22: 6 | J22: 8 | K22: 20 | L22: =I22*J22 -> 48 | M22: =I22*K22 -> 120 | N22: 8 | O22: 18 | P22: 54 | Q22: =60/P22 -> 1.1111111 | R22: 4.2 | S22: 25 | V22: Shotgun-18 TSG-14 (Settings) | W22: WP1/ShotGun2 | X22: 1 | AB22: 70 | AC22: 490 | AD22: 1960 | AE22: 12.5 | AF22: 1 | AG22: 0.9 | AH22: 1.4 | AI22: 1.7 | AJ22: =ROUND(IF(G22="Sniper", SniperRefAngle/Database!AF22, RefAngle/Database!AE22) * IF(OR(E22="근접 무기", E22="투척 무기"), 0, 1) *100, 2) -> 24 | AK22: =ROUND((1 - POWER(1-AJ22/100,N22)) * 100,2) -> 88.87 | AL22: =ROUND((1 - POWER(1-AK22/100,P22/60)) * 100,2) -> 86.14
A23: 19 | B23: #1 | C23: AX-50S | D23: ■□□□□기본슬롯 | E23: 저격소총 | F23: - | G23: Sniper | H23: 4 | I23: 8 | J23: 5 | K23: 10 | L23: =I23*J23 -> 40 | M23: =I23*K23 -> 80 | N23: 1 | O23: 86 | P23: 48 | Q23: =60/P23 -> 1.25 | R23: 2.4 | S23: 600 | V23: Sniper-19 AX-50S (Settings) | W23: WP1/SniperRifle | X23: 1 | AB23: 70 | AC23: 490 | AD23: 1960 | AE23: 5.6 | AF23: 0.1005 | AG23: 0.8 | AH23: 1.5 | AI23: 3 | AJ23: =ROUND(IF(G23="Sniper", SniperRefAngle/Database!AF23, RefAngle/Database!AE23) * IF(OR(E23="근접 무기", E23="투척 무기"), 0, 1) *100, 2) -> 97.41 | AK23: =ROUND((1 - POWER(1-AJ23/100,N23)) * 100,2) -> 97.41 | AL23: =ROUND((1 - POWER(1-AK23/100,P23/60)) * 100,2) -> 94.62
A24: 20 | B24: #1 | C24: U-Pro | D24: ■□□□□기본슬롯 | E24: SMG | F24: - | G24: Machinegun | H24: 2 | I24: 30 | J24: 7 | K24: 10 | L24: =I24*J24 -> 210 | M24: =I24*K24 -> 300 | N24: 1 | O24: 21 | P24: 950 | Q24: =60/P24 -> 0.063157895 | R24: 2.1 | S24: 100 | V24: SMG-20 U-Pro (Settings) | W24: WP1/TommyGun | X24: 1 | AB24: 30 | AC24: 210 | AD24: 840 | AE24: 3.7 | AF24: 1 | AG24: 0.8 | AH24: 1.5 | AI24: 3 | AJ24: =ROUND(IF(G24="Sniper", SniperRefAngle/Database!AF24, RefAngle/Database!AE24) * IF(OR(E24="근접 무기", E24="투척 무기"), 0, 1) *100, 2) -> 81.08 | AK24: =ROUND((1 - POWER(1-AJ24/100,N24)) * 100,2) -> 81.08 | AL24: =ROUND((1 - POWER(1-AK24/100,P24/60)) * 100,2) -> 100
A25: 21 | B25: #1 | C25: Axe | D25: □□■□□근접슬롯 | E25: 근접 무기 | F25: - | G25: Knife | H25: 3 | L25: =I25*J25 -> 0 | M25: =I25*K25 -> 0 | N25: 1 | O25: 48 | P25: 80 | Q25: =60/P25 -> 0.75 | R25: 2 | S25: 2 | V25: Melee-21 Axe (Settings) | W25: WP1/Axe2 | X25: 1 | AB25: 50 | AC25: 350 | AD25: 1400 | AE25: 4 | AF25: 1 | AG25: 1 | AH25: 1 | AI25: 1 | AJ25: =ROUND(IF(G25="Sniper", SniperRefAngle/Database!AF25, RefAngle/Database!AE25) * IF(OR(E25="근접 무기", E25="투척 무기"), 0, 1) *100, 2) -> 0 | AK25: =ROUND((1 - POWER(1-AJ25/100,N25)) * 100,2) -> 0 | AL25: =ROUND((1 - POWER(1-AK25/100,P25/60)) * 100,2) -> 0
A26: 22 | B26: #1 | C26: M32 | D26: ■□□□□기본슬롯 | E26: 중화기 | F26: - | G26: Launcher | H26: 7 | I26: 6 | J26: 1 | K26: 2 | L26: =I26*J26 -> 6 | M26: =I26*K26 -> 12 | N26: 1 | O26: 180 | P26: 40 | Q26: =60/P26 -> 1.5 | R26: 5 | S26: 110 | V26: Launcher-22 M32 (Settings) | W26: WP1/Grenade Gun | AE26: 4.21 | AF26: 1 | AG26: 0.9 | AH26: 2.5 | AI26: 2.5 | AJ26: =ROUND(IF(G26="Sniper", SniperRefAngle/Database!AF26, RefAngle/Database!AE26) * IF(OR(E26="근접 무기", E26="투척 무기"), 0, 1) *100, 2) -> 71.26 | AK26: =ROUND((1 - POWER(1-AJ26/100,N26)) * 100,2) -> 71.26 | AL26: =ROUND((1 - POWER(1-AK26/100,P26/60)) * 100,2) -> 56.45
A27: 23 | B27: #1 | C27: DR-28H | D27: ■□□□□기본슬롯 | E27: 소총 | F27: - | G27: Machinegun | H27: 4 | I27: 30 | J27: 5 | K27: 10 | L27: =I27*J27 -> 150 | M27: =I27*K27 -> 300 | N27: 1 | O27: 24 | P27: 660 | Q27: =60/P27 -> 0.090909091 | R27: 2.4 | S27: 350 | V27: Rifle-23 DR-28H (Settings) | W27: WP1/Rifle05 | X27: 1 | AB27: 70 | AC27: 490 | AD27: 1960 | AE27: 3.5 | AF27: 1 | AG27: 0.8 | AH27: 1.7 | AI27: 3.3 | AJ27: =ROUND(IF(G27="Sniper", SniperRefAngle/Database!AF27, RefAngle/Database!AE27) * IF(OR(E27="근접 무기", E27="투척 무기"), 0, 1) *100, 2) -> 85.71 | AK27: =ROUND((1 - POWER(1-AJ27/100,N27)) * 100,2) -> 85.71 | AL27: =ROUND((1 - POWER(1-AK27/100,P27/60)) * 100,2) -> 100
A28: 24 | B28: #1 | C28: AW-X7 | D28: ■□□□□기본슬롯 | E28: 저격소총 | F28: - | G28: Sniper | H28: 3 | I28: 8 | J28: 5 | K28: 10 | L28: =I28*J28 -> 40 | M28: =I28*K28 -> 80 | N28: 1 | O28: 85 | P28: 55 | Q28: =60/P28 -> 1.0909091 | R28: 2.4 | S28: 600 | V28: Sniper-24 AW-X7 (Settings) | W28: WP1/SniperRifle2 | X28: 1 | AB28: 50 | AC28: 350 | AD28: 1400 | AE28: 5.5 | AF28: 0.101 | AG28: 0.8 | AH28: 1.4 | AI28: 2.7 | AJ28: =ROUND(IF(G28="Sniper", SniperRefAngle/Database!AF28, RefAngle/Database!AE28) * IF(OR(E28="근접 무기", E28="투척 무기"), 0, 1) *100, 2) -> 96.93 | AK28: =ROUND((1 - POWER(1-AJ28/100,N28)) * 100,2) -> 96.93 | AL28: =ROUND((1 - POWER(1-AK28/100,P28/60)) * 100,2) -> 95.9
A29: 25 | B29: #2 | C29: M4A1 | D29: ■□□□□기본슬롯 | E29: 소총 | F29: - | G29: Machinegun | H29: 3 | I29: 30 | J29: 5 | K29: 10 | L29: =I29*J29 -> 150 | M29: =I29*K29 -> 300 | N29: 1 | O29: 23 | P29: 700 | Q29: =60/P29 -> 0.085714286 | R29: 2.3 | S29: 330 | V29: Rifle-25 M4A1 (Settings) | W29: WP2/Rifle6 | X29: 1 | AB29: 50 | AC29: 350 | AD29: 1400 | AE29: 3.6 | AF29: 1 | AG29: 0.8 | AH29: 1.4 | AI29: 3.2 | AJ29: =ROUND(IF(G29="Sniper", SniperRefAngle/Database!AF29, RefAngle/Database!AE29) * IF(OR(E29="근접 무기", E29="투척 무기"), 0, 1) *100, 2) -> 83.33 | AK29: =ROUND((1 - POWER(1-AJ29/100,N29)) * 100,2) -> 83.33 | AL29: =ROUND((1 - POWER(1-AK29/100,P29/60)) * 100,2) -> 100
A30: 26 | B30: #2 | C30: KX-9 | D30: ■□□□□기본슬롯 | E30: SMG | F30: - | G30: Machinegun | H30: 4 | I30: 30 | J30: 7 | K30: 10 | L30: =I30*J30 -> 210 | M30: =I30*K30 -> 300 | N30: 1 | O30: 22 | P30: 830 | Q30: =60/P30 -> 0.072289157 | R30: 2.1 | S30: 100 | V30: SMG-26 KX-9 (Settings) | W30: WP2/SMG4 | X30: 1 | AB30: 70 | AC30: 490 | AD30: 1960 | AE30: 3.6 | AF30: 1 | AG30: 0.8 | AH30: 1.6 | AI30: 3.2 | AJ30: =ROUND(IF(G30="Sniper", SniperRefAngle/Database!AF30, RefAngle/Database!AE30) * IF(OR(E30="근접 무기", E30="투척 무기"), 0, 1) *100, 2) -> 83.33 | AK30: =ROUND((1 - POWER(1-AJ30/100,N30)) * 100,2) -> 83.33 | AL30: =ROUND((1 - POWER(1-AK30/100,P30/60)) * 100,2) -> 100
A31: 27 | B31: #2 | C31: GLK-18X | D31: □■□□□보조슬롯 | E31: 권총 | F31: - | G31: Machinegun | H31: 6 | I31: 19 | J31: 5 | K31: 10 | L31: =I31*J31 -> 95 | M31: =I31*K31 -> 190 | N31: 1 | O31: 20 | P31: 320 | Q31: =60/P31 -> 0.1875 | R31: 1.6 | S31: 50 | V31: Pistol-27 GLK-18X (Settings) | W31: WP2/Pistol4 | X31: 1 | AB31: 90 | AC31: 630 | AD31: 2520 | AE31: 4.3 | AF31: 1 | AG31: 0.8 | AH31: 1.4 | AI31: 1.8 | AJ31: =ROUND(IF(G31="Sniper", SniperRefAngle/Database!AF31, RefAngle/Database!AE31) * IF(OR(E31="근접 무기", E31="투척 무기"), 0, 1) *100, 2) -> 69.77 | AK31: =ROUND((1 - POWER(1-AJ31/100,N31)) * 100,2) -> 69.77 | AL31: =ROUND((1 - POWER(1-AK31/100,P31/60)) * 100,2) -> 99.83
A32: 28 | B32: #2 | C32: SPZ-12 | D32: ■□□□□기본슬롯 | E32: 중화기 | F32: - | G32: Shotgun | H32: 4 | I32: 8 | J32: 6 | K32: 10 | L32: =I32*J32 -> 48 | M32: =I32*K32 -> 80 | N32: 8 | O32: 18 | P32: 48 | Q32: =60/P32 -> 1.25 | R32: 4.7 | S32: 20 | V32: Shotgun-28 SPZ-12 (Settings) | W32: WP2/ShotGun4 | X32: 1 | AB32: 90 | AC32: 630 | AD32: 2520 | AE32: 13.2 | AF32: 1 | AG32: 0.9 | AH32: 1.7 | AI32: 1.9 | AJ32: =ROUND(IF(G32="Sniper", SniperRefAngle/Database!AF32, RefAngle/Database!AE32) * IF(OR(E32="근접 무기", E32="투척 무기"), 0, 1) *100, 2) -> 22.73 | AK32: =ROUND((1 - POWER(1-AJ32/100,N32)) * 100,2) -> 87.29 | AL32: =ROUND((1 - POWER(1-AK32/100,P32/60)) * 100,2) -> 80.8
A33: 29 | B33: #2 | C33: M24-Custom | D33: ■□□□□기본슬롯 | E33: 저격소총 | F33: - | G33: Sniper | H33: 2 | I33: 10 | J33: 5 | K33: 10 | L33: =I33*J33 -> 50 | M33: =I33*K33 -> 100 | N33: 1 | O33: 85 | P33: 55 | Q33: =60/P33 -> 1.0909091 | R33: 2.4 | S33: 600 | V33: Sniper-29 M24-Custom (Settings) | W33: WP2/SniperRifle3 | X33: 1 | AB33: 30 | AC33: 210 | AD33: 840 | AE33: 5.4 | AF33: 0.1 | AG33: 0.8 | AH33: 1.4 | AI33: 2.5 | AJ33: =ROUND(IF(G33="Sniper", SniperRefAngle/Database!AF33, RefAngle/Database!AE33) * IF(OR(E33="근접 무기", E33="투척 무기"), 0, 1) *100, 2) -> 97.9 | AK33: =ROUND((1 - POWER(1-AJ33/100,N33)) * 100,2) -> 97.9 | AL33: =ROUND((1 - POWER(1-AK33/100,P33/60)) * 100,2) -> 97.1
A34: 30 | B34: #2 | C34: UMR-9 | D34: ■□□□□기본슬롯 | E34: SMG | F34: - | G34: Machinegun | H34: 5 | I34: 30 | J34: 7 | K34: 10 | L34: =I34*J34 -> 210 | M34: =I34*K34 -> 300 | N34: 1 | O34: 22 | P34: 850 | Q34: =60/P34 -> 0.070588235 | R34: 2 | S34: 100 | V34: SMG-30 UMR-9 (Settings) | W34: WP2/SMG5 | X34: 1 | AB34: 90 | AC34: 630 | AD34: 2520 | AE34: 3.7 | AF34: 1 | AG34: 0.8 | AH34: 1.8 | AI34: 3.3 | AJ34: =ROUND(IF(G34="Sniper", SniperRefAngle/Database!AF34, RefAngle/Database!AE34) * IF(OR(E34="근접 무기", E34="투척 무기"), 0, 1) *100, 2) -> 81.08 | AK34: =ROUND((1 - POWER(1-AJ34/100,N34)) * 100,2) -> 81.08 | AL34: =ROUND((1 - POWER(1-AK34/100,P34/60)) * 100,2) -> 100
A35: 31 | B35: #2 | C35: Mk1A | D35: ■□□□□기본슬롯 | E35: 중화기 | F35: - | G35: Launcher | H35: 6 | I35: 6 | J35: 1 | K35: 2 | L35: =I35*J35 -> 6 | M35: =I35*K35 -> 12 | N35: 1 | O35: 195 | P35: 40 | Q35: =60/P35 -> 1.5 | R35: 4.5 | S35: 130 | V35: Launcher-22 Mk1A (Settings) | W35: WP2/Grenade Gun3 | AE35: 4.21 | AF35: 1 | AG35: 0.9 | AH35: 2.5 | AI35: 2.5 | AJ35: =ROUND(IF(G35="Sniper", SniperRefAngle/Database!AF35, RefAngle/Database!AE35) * IF(OR(E35="근접 무기", E35="투척 무기"), 0, 1) *100, 2) -> 71.26 | AK35: =ROUND((1 - POWER(1-AJ35/100,N35)) * 100,2) -> 71.26 | AL35: =ROUND((1 - POWER(1-AK35/100,P35/60)) * 100,2) -> 56.45
A36: 32 | B36: #2 | C36: MG429 | D36: ■□□□□기본슬롯 | E36: 중화기 | F36: - | G36: Shotgun | H36: 2 | I36: 2 | J36: 20 | K36: 40 | L36: =I36*J36 -> 40 | M36: =I36*K36 -> 80 | N36: 8 | O36: 26 | P36: 75 | Q36: =60/P36 -> 0.8 | R36: 2.2 | S36: 20 | V36: Shotgun-32 MG429 (Settings) | W36: WP2/Double Barrel | X36: 1 | AB36: 30 | AC36: 210 | AD36: 840 | AE36: 12 | AF36: 1 | AG36: 0.9 | AH36: 1.3 | AI36: 1.6 | AJ36: =ROUND(IF(G36="Sniper", SniperRefAngle/Database!AF36, RefAngle/Database!AE36) * IF(OR(E36="근접 무기", E36="투척 무기"), 0, 1) *100, 2) -> 25 | AK36: =ROUND((1 - POWER(1-AJ36/100,N36)) * 100,2) -> 89.99 | AL36: =ROUND((1 - POWER(1-AK36/100,P36/60)) * 100,2) -> 94.37
A37: 33 | B37: #2 | C37: RHO-44 | D37: □■□□□보조슬롯 | E37: 권총 | F37: - | G37: Machinegun | H37: 3 | I37: 6 | J37: 9 | K37: 10 | L37: =I37*J37 -> 54 | M37: =I37*K37 -> 60 | N37: 1 | O37: 33 | P37: 150 | Q37: =60/P37 -> 0.4 | R37: 3 | S37: 50 | V37: Pistol-33 RHO-44 (Settings) | W37: WP2/Pistol5 | X37: 1 | AB37: 30 | AC37: 210 | AD37: 840 | AE37: 4.5 | AF37: 1 | AG37: 0.8 | AH37: 1.6 | AI37: 2 | AJ37: =ROUND(IF(G37="Sniper", SniperRefAngle/Database!AF37, RefAngle/Database!AE37) * IF(OR(E37="근접 무기", E37="투척 무기"), 0, 1) *100, 2) -> 66.67 | AK37: =ROUND((1 - POWER(1-AJ37/100,N37)) * 100,2) -> 66.67 | AL37: =ROUND((1 - POWER(1-AK37/100,P37/60)) * 100,2) -> 93.59
A38: 34 | B38: #2 | C38: HT-X50 | D38: ■□□□□기본슬롯 | E38: 저격소총 | F38: - | G38: Sniper | H38: 5 | I38: 7 | J38: 5 | K38: 10 | L38: =I38*J38 -> 35 | M38: =I38*K38 -> 70 | N38: 1 | O38: 87 | P38: 45 | Q38: =60/P38 -> 1.3333333 | R38: 2.6 | S38: 600 | V38: Sniper-34 HT-X50 (Settings) | W38: WP2/SniperRifle4 | X38: 1 | AB38: 90 | AC38: 630 | AD38: 2520 | AE38: 5.5 | AF38: 0.102 | AG38: 0.8 | AH38: 1.5 | AI38: 3 | AJ38: =ROUND(IF(G38="Sniper", SniperRefAngle/Database!AF38, RefAngle/Database!AE38) * IF(OR(E38="근접 무기", E38="투척 무기"), 0, 1) *100, 2) -> 95.98 | AK38: =ROUND((1 - POWER(1-AJ38/100,N38)) * 100,2) -> 95.98 | AL38: =ROUND((1 - POWER(1-AK38/100,P38/60)) * 100,2) -> 91.02
A39: 35 | B39: #2 | C39: AK-74 | D39: ■□□□□기본슬롯 | E39: 소총 | F39: - | G39: Machinegun | H39: 1 | I39: 30 | J39: 5 | K39: 10 | L39: =I39*J39 -> 150 | M39: =I39*K39 -> 300 | N39: 1 | O39: 21 | P39: 670 | Q39: =60/P39 -> 0.089552239 | R39: 2.4 | S39: 350 | V39: Rifle-35 2AK-74 (Settings) | W39: WP2/Rifle7 | X39: 1 | AE39: 3.7 | AF39: 1 | AG39: 0.8 | AH39: 1.8 | AI39: 3.5 | AJ39: =ROUND(IF(G39="Sniper", SniperRefAngle/Database!AF39, RefAngle/Database!AE39) * IF(OR(E39="근접 무기", E39="투척 무기"), 0, 1) *100, 2) -> 81.08 | AK39: =ROUND((1 - POWER(1-AJ39/100,N39)) * 100,2) -> 81.08 | AL39: =ROUND((1 - POWER(1-AK39/100,P39/60)) * 100,2) -> 100
A40: 36 | B40: #2 | C40: PKM | D40: ■□□□□기본슬롯 | E40: 소총 | F40: - | G40: Machinegun | H40: 6 | I40: 80 | J40: 3 | K40: 6 | L40: =I40*J40 -> 240 | M40: =I40*K40 -> 480 | N40: 1 | O40: 20 | P40: 730 | Q40: =60/P40 -> 0.082191781 | R40: 4.8 | S40: 400 | V40: Rifle-36 PKM (Settings) | W40: WP2/LMG | X40: 1 | AB40: 100 | AC40: 700 | AD40: 2800 | AE40: 5 | AF40: 1 | AG40: 0.9 | AH40: 2.5 | AI40: 5.5 | AJ40: =ROUND(IF(G40="Sniper", SniperRefAngle/Database!AF40, RefAngle/Database!AE40) * IF(OR(E40="근접 무기", E40="투척 무기"), 0, 1) *100, 2) -> 60 | AK40: =ROUND((1 - POWER(1-AJ40/100,N40)) * 100,2) -> 60 | AL40: =ROUND((1 - POWER(1-AK40/100,P40/60)) * 100,2) -> 100
A41: 37 | B41: #2 | C41: BAYONET | D41: □□■□□근접슬롯 | E41: 근접 무기 | F41: - | G41: Knife | H41: 4 | L41: =I41*J41 -> 0 | M41: =I41*K41 -> 0 | N41: 1 | O41: 47 | P41: 150 | Q41: =60/P41 -> 0.4 | R41: 0.7 | S41: 2 | V41: Melee-37 BAYONET (Settings) | W41: WP2/Knife3 | X41: 1 | AB41: 70 | AC41: 490 | AD41: 1960 | AE41: 4 | AF41: 1 | AG41: 1 | AH41: 1 | AI41: 1 | AJ41: =ROUND(IF(G41="Sniper", SniperRefAngle/Database!AF41, RefAngle/Database!AE41) * IF(OR(E41="근접 무기", E41="투척 무기"), 0, 1) *100, 2) -> 0 | AK41: =ROUND((1 - POWER(1-AJ41/100,N41)) * 100,2) -> 0 | AL41: =ROUND((1 - POWER(1-AK41/100,P41/60)) * 100,2) -> 0
A42: 38 | B42: 기본 | C42: M18 | D42: □□□□■전술슬롯 | E42: 전술 무기 | F42: 연막탄 | G42: Grenade | H42: 2 | I42: 1 | J42: 2 | K42: 3 | L42: =I42*J42 -> 2 | M42: =I42*K42 -> 3 | N42: 1 | O42: 0 | P42: 999 | Q42: =60/P42 -> 0.06006006 | R42: 20 | S42: 30 | T42: 3 | U42: 10 | V42: Tactical-38 M18 (Settings) | W42: Basic/SmokeGrenade | X42: 1 | Y42: 10 | Z42: 4 | AA42: 50 | AE42: 20 | AF42: 10 | AG42: 0.7 | AH42: 1.2 | AI42: 1.5 | AJ42: =ROUND(IF(G42="Sniper", SniperRefAngle/Database!AF42, RefAngle/Database!AE42) * IF(OR(E42="근접 무기", E42="투척 무기"), 0, 1) *100, 2) -> 15 | AK42: =ROUND((1 - POWER(1-AJ42/100,N42)) * 100,2) -> 15 | AL42: =ROUND((1 - POWER(1-AK42/100,P42/60)) * 100,2) -> 93.32
A43: 39 | B43: 기본 | C43: M84 | D43: □□□□■전술슬롯 | E43: 전술 무기 | F43: 섬광탄 | G43: Grenade | H43: 2 | I43: 1 | J43: 2 | K43: 3 | L43: =I43*J43 -> 2 | M43: =I43*K43 -> 3 | N43: 1 | O43: 0 | P43: 999 | Q43: =60/P43 -> 0.06006006 | R43: 11 | S43: 30 | T43: 9 | U43: 5 | V43: Tactical-39 M84 (Settings) | W43: Basic/FlashGrenade | X43: 1 | Y43: 10 | Z43: 4 | AA43: 50 | AE43: 20 | AF43: 10 | AG43: 0.7 | AH43: 1.2 | AI43: 1.5 | AJ43: =ROUND(IF(G43="Sniper", SniperRefAngle/Database!AF43, RefAngle/Database!AE43) * IF(OR(E43="근접 무기", E43="투척 무기"), 0, 1) *100, 2) -> 15 | AK43: =ROUND((1 - POWER(1-AJ43/100,N43)) * 100,2) -> 15 | AL43: =ROUND((1 - POWER(1-AK43/100,P43/60)) * 100,2) -> 93.32
A44: 40 | B44: 기본 | C44: VQ-12 | D44: □□□□■전술슬롯 | E44: 전술 무기 | F44: UAV | G44: HandItem | H44: 2 | I44: 1 | J44: 2 | K44: 3 | L44: =I44*J44 -> 2 | M44: =I44*K44 -> 3 | N44: 1 | O44: 0 | P44: 999 | Q44: =60/P44 -> 0.06006006 | R44: 16 | S44: 30 | U44: 12 | V44: Tactical-40 VQ-12 (Settings) | X44: 1 | Y44: 10 | Z44: 2 | AA44: 100 | AE44: 10 | AF44: 0.75 | AG44: 0.7 | AH44: 1.2 | AI44: 1.5 | AJ44: =ROUND(IF(G44="Sniper", SniperRefAngle/Database!AF44, RefAngle/Database!AE44) * IF(OR(E44="근접 무기", E44="투척 무기"), 0, 1) *100, 2) -> 30 | AK44: =ROUND((1 - POWER(1-AJ44/100,N44)) * 100,2) -> 30 | AL44: =ROUND((1 - POWER(1-AK44/100,P44/60)) * 100,2) -> 99.74

Sheet Enum
A1: WeaponSlotType | E1: WeaponType | I1: GunType | M1: WeaponTacticalType
A2: id | B2: name | C2: nameKor | E2: id | F2: name | G2: nameKor | I2: id | J2: name | K2: nameKor | M2: id | N2: name | O2: nameKor
A3: 0 | B3: None | C3: - | E3: 0 | F3: None | G3: - | I3: 99 | J3: None | K3: - | M3: 0 | N3: None | O3: -
A4: 1 | B4: MainGun | C4: ■□□□□기본슬롯 | E4: 1 | F4: Pistol | G4: 권총 | I4: 0 | J4: Shotgun | K4: 샷건 | M4: 1 | N4: Smoke | O4: 연막탄
A5: 2 | B5: SideGun | C5: □■□□□보조슬롯 | E5: 2 | F5: HeavyWeapon | G5: 중화기 | I5: 1 | J5: Machinegun | K5: 머신건(연사) | M5: 2 | N5: Flash | O5: 섬광탄
A6: 3 | B6: Melee | C6: □□■□□근접슬롯 | E6: 3 | F6: SMG | G6: SMG | I6: 2 | J6: Sniper | K6: 스나이퍼 | M6: 3 | N6: UAV | O6: UAV
A7: 4 | B7: Grenade | C7: □□□■□투척슬롯 | E7: 4 | F7: Rifle | G7: 소총 | I7: 3 | J7: Pistol | K7: 권총(단발) | M7: 4 | N7: Grenade | O7: 수류탄류
A8: 5 | B8: Tactical | C8: □□□□■전술슬롯 | E8: 5 | F8: Sniper | G8: 저격소총 | I8: 4 | J8: Burst | K8: 버스트(점사) | M8: 5 | N8: Molotov | O8: 화염병류
E9: 6 | F9: Grenade | G9: 투척 무기 | I9: 5 | J9: Grenade | K9: 투척형
E10: 7 | F10: Melee | G10: 근접 무기 | I10: 6 | J10: Knife | K10: 근접형
E11: 8 | F11: Tactical | G11: 전술 무기 | I11: 7 | J11: Launcher | K11: 런쳐
I12: 8 | J12: HandItem | K12: 핸드 아이템
E13: 무기 형태에 따른 구분
I14: 동작 특성에 따른 구분

Sheet Export
A1: [Client]
A2: DB_SOURCE | B2: Database,A1
A3: DB_OUTPUT | B3: $CLIENT/Weapon.json
A4: DB_OUTPUT_BIN | B4: $CLIENT/Weapon.cdb.bytes
A5: DB_ENUM_ROW | B5: 2
A6: DB_FIELD_ROW | B6: 4
A7: DB_RECORD_ROW | B7: 5
A8: DB_ID_COL | B8: 1
A9: No | B9: I
A10: Name | B10: T
A11: SlotType | B11: I
A12: WeaponType | B12: I
A13: TacticalType | B13: I
A14: GunType | B14: I
A15: AmmoPerClip | B15: I
A16: Clips | B16: I
A17: MaxClips | B17: I
A18: ReloadTime | B18: R
A19: FireRate | B19: R
A20: Damage | B20: I
... A37: SortKey | B37: I

Sheet Desr
A1: Weapon_Table 컬럼 설명
A2: 이름 | B2: 설명
A3: Id | B3: Weapon_Table의 유니크 키입니다. 중복 사용이 불가능합니다. 해당 테이블은 총의 정보를 기재하는 테이블입니다. Weapon_Table은 1000~1999 영역을 사용합니다.
A4: WeaponName | B4: 무기 이름을 기재하는 컬럼입니다.
A5: WeaponType | B5: 무기 타입을 분류하는 컬럼입니다. 무기 타입은 5가지 타입으로 분류됩니다. (0 : Main, 1: Sub, 2 : Melee, 3 : Grenades, 4 : Gear) Main 타입으로 분류된 무기는 하나만 소지할 수 있으며, Main 타입으로 분류된 무기를 구매하는 경우 해당 무기를 드롭하고 교체합니다. Sub 타입 또한, 서브로 분류된 무기 하나만 소지할 수 있으며, Sub 무기 타입으로 분류된 무기를 구매하는 경우 해당 무기를 드롭하고 교체합니다. Melee, Grenades, Gear로 분류된 장비는 각각 하나씩 소지할 수 있으며 여러 개를 구매할 수 있습니다.
A6: WeaponPrice | B6: 무기 가격을 기재하는 컬럼입니다. 0을 입력하는 경우 무료로 사용할 수 있습니다.
A7: BasicAmmo | B7: 총의 기본 탄약 수를 기재하는 컬럼입니다.
A8: SpareAmmo | B8: 총의 전체 탄약 수를 기재하는 컬럼입니다. (Ex. AK-47은 기본 탄약 30발에 예비 탄약 120발)
A9: ReloadTime | B9: 재장전 시간을 기재하는 컬럼입니다. (1초 = 1000으로 설정합니다.)
A10: EquipChangeTime | B10: 장비 교체 시간을 기재하는 컬럼입니다. (1초 = 1000으로 설정합니다.)
A11: Rate | B11: 연사력 (RPM)을 기재하는 컬럼입니다. RPM은 분당 발사 하는 시간을 나타내며, 한 발을 발사하고 다음 발을 발사할 때 까지 걸리는 시간을 의미합니다. RPM의 공식은 60/발사 간격(초)입니다. 1초 = 1000으로 설정합니다. (Ex. AK-47의 연사력 100 → 0.1/60 = 600 RPM 이므로, 분당 600발 사격)
A12: DistanceDmgIndex | B12: DistanceDmg_Table의 Index를 참조하여 사용되는 컬럼입니다. 무기 별 거리마다 데미지 수치를 다르게 설정합니다.
A13: Distance | B13: 총의 사거리를 기재하는 컬럼입니다. {1 = 1000로 설정합니다. (Ex. AK-47의 사거리는 7000 → 70m)}
... A16: ScopeButtonPrint | B16: 조준 버튼 활성화를 기재하는 컬럼입니다. 조준 버튼은 스나이퍼 무기만 출력되며, True인 경우 조준 버튼을 활성화합니다. 조준 고정 배율은 Const_Table의 수치를 참조합니다.
A17: WeaponImage
A18: WeaponModel
A19: SpreadMaxAngle | B19: 탄퍼짐 (최대)각도
A20: SpreadStandMultiply | B20: 서있는 경우 탄퍼짐에 대한 보정 배수 ( SpreadMaxAngle * SpreadStandMultiply)
A21: SpreadWalkMultiply | B21: 걸어가는 경우 (속도 기준) 탄퍼짐에 대한 보정 배수 ( SpreadMaxAngle * SpreadWalkMultiply)
A22: SpreadRunMultiply | B22: 뛰어가는 경우 (속도 기준) 탄퍼짐에 대한 보정 배수 ( SpreadMaxAngle * SpreadRunMultiply)
A23: SpreadZoomMultiply | B23: Sniper 아닌경우, Zoom에서 탄퍼짐 배수
A24: SpreadAngleNoZoomSniper | B24: Sniper 이면서, Zoom 없을 때 탄퍼짐 배수

Sheet 정확도
B1: 정확도 100%인 경우 탄퍼짐 기준 각도
B2: 3 | C2: RefAngle | D2: 일반 총기 기준 각도
B3: 0.0979 | C3: SniperRefAngle | D3: 저격종 기준 각도 (Zoom 상태의 각도가 적용됨)
B6: ■탄퍼짐 각도에 따라 탄착군 면적은 근사적으로 제곱에 비례한다.
B7: ■정확도는 우리방식(원주좌표계에서 랜덤 R, 랜덤 θ로 탄착 결정)에서는 탄퍼짐 각도(≒탄착군 반지름)에 반비례
B8: ■정확도 = (RefAngle / SpreadAngle) 여기서 저격총은 RefAngle 대신 SniperRefAngle을 사용
B9: ■Database시트의 '확인용' 필드값을 위해 위 RefAngle, SniperRefAngle, ExpFactor을 적절히 조절해 볼것 (결정된 값은 Misc DB의 GunAccuracyFactors값에 반영할 것)
B10: ■ExpFactor는 이론상 제곱이나, 탄착군이 중앙에 몰리는 경향이 있다면 2보다 약간 작을 수 있다.
B11: ■산탄총의 경우: n개의 총알에 대해 전체 명중 확률 = 1 - (1 - p)n 즉, 탄 1발 명중 확률 = 20%이면 8발에 대해 1 - (1 - 0.2)8 = 83%

Sheet DV-IDENTITY-0
A1: =IF(Database!2:2,"AAAAAFP/3wA=",0) -> 0 | B1: =AND(Database!A2,"AAAAAFP/3wE=") -> #VALUE! | C1: =AND(Database!#REF!,"AAAAAFP/3wI=") -> #REF! | D1: =AND(Database!#REF!,"AAAAAFP/3wM=") -> #REF! | E1: =AND(Database!#REF!,"AAAAAFP/3wQ=") -> #REF! | F1: =AND(Database!#REF!,"AAAAAFP/3wU=") -> #REF! | G1: =AND(Database!#REF!,"AAAAAFP/3wY=") -> #REF! | H1: =AND(Database!#REF!,"AAAAAFP/3wc=") -> #REF! | I1: =AND(Database!#REF!,"AAAAAFP/3wg=") -> #REF! | J1: =AND(Database!#REF!,"AAAAAFP/3wk=") -> #REF! | K1: =AND(Database!#REF!,"AAAAAFP/3wo=") -> #REF! | L1: =AND(Database!#REF!,"AAAAAFP/3ws=") -> #REF! | M1: =AND(Database!#REF!,"AAAAAFP/3ww=") -> #REF! | N1: =IF(Database!4:4,"AAAAAFP/3w0=",0) -> #VALUE! | O1: =AND(Database!A4,"AAAAAFP/3w4=") -> #VALUE! | P1: =AND(Database!#REF!,"AAAAAFP/3w8=") -> #REF! | Q1: =AND(Database!#REF!,"AAAAAFP/3xA=") -> #REF! | R1: =AND(Database!#REF!,"AAAAAFP/3xE=") -> #REF! | S1: =AND(Database!#REF!,"AAAAAFP/3xI=") -> #REF! | T1: =AND(Database!#REF!,"AAAAAFP/3xM=") -> #REF! | U1: =AND(Database!#REF!,"AAAAAFP/3xQ=") -> #REF! | V1: =AND(Database!#REF!,"AAAAAFP/3xU=") -> #REF! | W1: =AND(Database!#REF!,"AAAAAFP/3xY=") -> #REF! | X1: =AND(Database!#REF!,"AAAAAFP/3xc=") -> #REF! | Y1: =AND(Database!#REF!,"AAAAAFP/3xg=") -> #REF! | Z1: =AND(Database!#REF!,"AAAAAFP/3xk=") -> #REF! | AA1: =IF(Database!#REF!,"AAAAAFP/3xo=",0) -> #REF! | AB1: =AND(Database!#REF!,"AAAAAFP/3xs=") -> #REF! | AC1: =AND(Database!#REF!,"AAAAAFP/3xw=") -> #REF! | AD1: =AND(Database!#REF!,"AAAAAFP/3x0=") -> #REF! | AE1: =AND(Database!#REF!,"AAAAAFP/3x4=") -> #REF! | AF1: =AND(Database!#REF!,"AAAAAFP/3x8=") -> #REF! | AG1: =AND(Database!#REF!,"AAAAAFP/3yA=") -> #REF! | AH1: =AND(Database!#REF!,"AAAAAFP/3yE=") -> #REF! | AI1: =AND(Database!#REF!,"AAAAAFP/3yI=") -> #REF! | AJ1: =AND(Database!#REF!,"AAAAAFP/3yM=") -> #REF! | AK1: =AND(Database!#REF!,"AAAAAFP/3yQ=") -> #REF! | AL1: =AND(Database!#REF!,"AAAAAFP/3yU=") -> #REF! | AM1: =AND(Database!#REF!,"AAAAAFP/3yY=") -> #REF! | AN1: =IF(Database!#REF!,"AAAAAFP/3yc=",0) -> #REF! | AO1: =AND(Database!#REF!,"AAAAAFP/3yg=") -> #REF! | AP1: =AND(Database!#REF!,"AAAAAFP/3yk=") -> #REF! | AQ1: =AND(Database!#REF!,"AAAAAFP/3yo=") -> #REF! | AR1: =AND(Database!#REF!,"AAAAAFP/3ys=") -> #REF! | AS1: =AND(Database!#REF!,"AAAAAFP/3yw=") -> #REF! | AT1: =AND(Database!#REF!,"AAAAAFP/3y0=") -> #REF! | AU1: =AND(Database!#REF!,"AAAAAFP/3y4=") -> #REF! | AV1: =AND(Database!#REF!,"AAAAAFP/3y8=") -> #REF! | AW1: =AND(Database!#REF!,"AAAAAFP/3zA=") -> #REF! | AX1: =AND(Database!#REF!,"AAAAAFP/3zE=") -> #REF! | AY1: =AND(Database!#REF!,"AAAAAFP/3zI=") -> #REF! | AZ1: =AND(Database!#REF!,"AAAAAFP/3zM=") -> #REF! | BA1: =IF(Database!#REF!,"AAAAAFP/3zQ=",0) -> #REF! | BB1: =AND(Database!#REF!,"AAAAAFP/3zU=") -> #REF! | BC1: =AND(Database!#REF!,"AAAAAFP/3zY=") -> #REF! | BD1: =AND(Database!#REF!,"AAAAAFP/3zc=") -> #REF! | BE1: =AND(Database!#REF!,"AAAAAFP/3zg=") -> #REF! | BF1: =AND(Database!#REF!,"AAAAAFP/3zk=") -> #REF! | BG1: =AND(Database!#REF!,"AAAAAFP/3zo=") -> #REF! | BH1: =AND(Database!#REF!,"AAAAAFP/3zs=") -> #REF! | BI1: =AND(Database!#REF!,"AAAAAFP/3zw=") -> #REF! | BJ1: =AND(Database!#REF!,"AAAAAFP/3z0=") -> #REF! | BK1: =AND(Database!#REF!,"AAAAAFP/3z4=") -> #REF! | BL1: =AND(Database!#REF!,"AAAAAFP/3z8=") -> #REF! | BM1: =AND(Database!#REF!,"AAAAAFP/30A=") -> #REF! | BN1: =IF(Database!#REF!,"AAAAAFP/30E=",0) -> #REF! | BO1: =AND(Database!#REF!,"AAAAAFP/30I=") -> #REF! | BP1: =AND(Database!#REF!,"AAAAAFP/30M=") -> #REF! | BQ1: =AND(Database!#REF!,"AAAAAFP/30Q=") -> #REF! | BR1: =AND(Database!#REF!,"AAAAAFP/30U=") -> #REF! | BS1: =AND(Database!#REF!,"AAAAAFP/30Y=") -> #REF! | BT1: =AND(Database!#REF!,"AAAAAFP/30c=") -> #REF! | BU1: =AND(Database!#REF!,"AAAAAFP/30g=") -> #REF! | BV1: =AND(Database!#REF!,"AAAAAFP/30k=") -> #REF! | BW1: =AND(Database!#REF!,"AAAAAFP/30o=") -> #REF! | BX1: =AND(Database!#REF!,"AAAAAFP/30s=") -> #REF! | BY1: =AND(Database!#REF!,"AAAAAFP/30w=") -> #REF! | BZ1: =AND(Database!#REF!,"AAAAAFP/300=") -> #REF! | CA1: =IF(Database!#REF!,"AAAAAFP/304=",0) -> #REF! | CB1: =AND(Database!#REF!,"AAAAAFP/308=") -> #REF! | CC1: =AND(Database!#REF!,"AAAAAFP/31A=") -> #REF! | CD1: =AND(Database!#REF!,"AAAAAFP/31E=") -> #REF! | CE1: =AND(Database!#REF!,"AAAAAFP/31I=") -> #REF! | CF1: =AND(Database!#REF!,"AAAAAFP/31M=") -> #REF! | CG1: =AND(Database!#REF!,"AAAAAFP/31Q=") -> #REF! | CH1: =AND(Database!#REF!,"AAAAAFP/31U=") -> #REF! | CI1: =AND(Database!#REF!,"AAAAAFP/31Y=") -> #REF! | CJ1: =AND(Database!#REF!,"AAAAAFP/31c=") -> #REF! | CK1: =AND(Database!#REF!,"AAAAAFP/31g=") -> #REF! | CL1: =AND(Database!#REF!,"AAAAAFP/31k=") -> #REF! | CM1: =AND(Database!#REF!,"AAAAAFP/31o=") -> #REF! | CN1: =IF(Database!#REF!,"AAAAAFP/31s=",0) -> #REF! | CO1: =AND(Database!#REF!,"AAAAAFP/31w=") -> #REF! | CP1: =AND(Database!#REF!,"AAAAAFP/310=") -> #REF! | CQ1: =AND(Database!#REF!,"AAAAAFP/314=") -> #REF! | CR1: =AND(Database!#REF!,"AAAAAFP/318=") -> #REF! | CS1: =AND(Database!#REF!,"AAAAAFP/32A=") -> #REF! | CT1: =AND(Database!#REF!,"AAAAAFP/32E=") -> #REF! | CU1: =AND(Database!#REF!,"AAAAAFP/32I=") -> #REF! | CV1: =AND(Database!#REF!,"AAAAAFP/32M=") -> #REF! | CW1: =AND(Database!#REF!,"AAAAAFP/32Q=") -> #REF! | CX1: =AND(Database!#REF!,"AAAAAFP/32U=") -> #REF! | CY1: =AND(Database!#REF!,"AAAAAFP/32Y=") -> #REF! | CZ1: =AND(Database!#REF!,"AAAAAFP/32c=") -> #REF! | DA1: =IF(Database!#REF!,"AAAAAFP/32g=",0) -> #REF! | DB1: =AND(Database!#REF!,"AAAAAFP/32k=") -> #REF! | DC1: =AND(Database!#REF!,"AAAAAFP/32o=") -> #REF! | DD1: =AND(Database!#REF!,"AAAAAFP/32s=") -> #REF! | DE1: =AND(Database!#REF!,"AAAAAFP/32w=") -> #REF! | DF1: =AND(Database!#REF!,"AAAAAFP/320=") -> #REF! | DG1: =AND(Database!#REF!,"AAAAAFP/324=") -> #REF! | DH1: =AND(Database!#REF!,"AAAAAFP/328=") -> #REF! | DI1: =AND(Database!#REF!,"AAAAAFP/33A=") -> #REF! | DJ1: =AND(Database!#REF!,"AAAAAFP/33E=") -> #REF! | DK1: =AND(Database!#REF!,"AAAAAFP/33I=") -> #REF! | DL1: =AND(Database!#REF!,"AAAAAFP/33M=") -> #REF! | DM1: =AND(Database!#REF!,"AAAAAFP/33Q=") -> #REF! | DN1: =IF(Database!#REF!,"AAAAAFP/33U=",0) -> #REF! | DO1: =AND(Database!#REF!,"AAAAAFP/33Y=") -> #REF! | DP1: =AND(Database!#REF!,"AAAAAFP/33c=") -> #REF! | DQ1: =AND(Database!#REF!,"AAAAAFP/33g=") -> #REF! | DR1: =AND(Database!#REF!,"AAAAAFP/33k=") -> #REF! | DS1: =AND(Database!#REF!,"AAAAAFP/33o=") -> #REF! | DT1: =AND(Database!#REF!,"AAAAAFP/33s=") -> #REF! | DU1: =AND(Database!#REF!,"AAAAAFP/33w=") -> #REF! | DV1: =AND(Database!#REF!,"AAAAAFP/330=") -> #REF! | DW1: =AND(Database!#REF!,"AAAAAFP/334=") -> #REF! | DX1: =AND(Database!#REF!,"AAAAAFP/338=") -> #REF! | DY1: =AND(Database!#REF!,"AAAAAFP/34A=") -> #REF! | DZ1: =AND(Database!#REF!,"AAAAAFP/34E=") -> #REF! | EA1: =IF(Database!#REF!,"AAAAAFP/34I=",0) -> #REF! | EB1: =AND(Database!#REF!,"AAAAAFP/34M=") -> #REF! | EC1: =AND(Database!#REF!,"AAAAAFP/34Q=") -> #REF! | ED1: =AND(Database!#REF!,"AAAAAFP/34U=") -> #REF! | EE1: =AND(Database!#REF!,"AAAAAFP/34Y=") -> #REF! | EF1: =AND(Database!#REF!,"AAAAAFP/34c=") -> #REF! | EG1: =AND(Database!#REF!,"AAAAAFP/34g=") -> #REF! | EH1: =AND(Database!#REF!,"AAAAAFP/34k=") -> #REF! | EI1: =AND(Database!#REF!,"AAAAAFP/34o=") -> #REF! | EJ1: =AND(Database!#REF!,"AAAAAFP/34s=") -> #REF! | EK1: =AND(Database!#REF!,"AAAAAFP/34w=") -> #REF! | EL1: =AND(Database!#REF!,"AAAAAFP/340=") -> #REF! | EM1: =AND(Database!#REF!,"AAAAAFP/344=") -> #REF! | EN1: =IF(Database!#REF!,"AAAAAFP/348=",0) -> #REF! | EO1: =AND(Database!#REF!,"AAAAAFP/35A=") -> #REF! | EP1: =AND(Database!#REF!,"AAAAAFP/35E=") -> #REF! | EQ1: =AND(Database!#REF!,"AAAAAFP/35I=") -> #REF! | ER1: =AND(Database!#REF!,"AAAAAFP/35M=") -> #REF! | ES1: =AND(Database!#REF!,"AAAAAFP/35Q=") -> #REF! | ET1: =AND(Database!#REF!,"AAAAAFP/35U=") -> #REF! | EU1: =AND(Database!#REF!,"AAAAAFP/35Y=") -> #REF! | EV1: =AND(Database!#REF!,"AAAAAFP/35c=") -> #REF! | EW1: =AND(Database!#REF!,"AAAAAFP/35g=") -> #REF! | EX1: =AND(Database!#REF!,"AAAAAFP/35k=") -> #REF! | EY1: =AND(Database!#REF!,"AAAAAFP/35o=") -> #REF! | EZ1: =AND(Database!#REF!,"AAAAAFP/35s=") -> #REF! | FA1: =IF(Database!#REF!,"AAAAAFP/35w=",0) -> #REF! | FB1: =AND(Database!#REF!,"AAAAAFP/350=") -> #REF! | FC1: =AND(Database!#REF!,"AAAAAFP/354=") -> #REF! | FD1: =AND(Database!#REF!,"AAAAAFP/358=") -> #REF! | FE1: =AND(Database!#REF!,"AAAAAFP/36A=") -> #REF! | FF1: =AND(Database!#REF!,"AAAAAFP/36E=") -> #REF! | FG1: =AND(Database!#REF!,"AAAAAFP/36I=") -> #REF! | FH1: =AND(Database!#REF!,"AAAAAFP/36M=") -> #REF! | FI1: =AND(Database!#REF!,"AAAAAFP/36Q=") -> #REF! | FJ1: =AND(Database!#REF!,"AAAAAFP/36U=") -> #REF! | FK1: =AND(Database!#REF!,"AAAAAFP/36Y=") -> #REF! | FL1: =AND(Database!#REF!,"AAAAAFP/36c=") -> #REF! | FM1: =AND(Database!#REF!,"AAAAAFP/36g=") -> #REF! | FN1: =IF(Database!#REF!,"AAAAAFP/36k=",0) -> #REF! | FO1: =AND(Database!#REF!,"AAAAAFP/36o=") -> #REF! | FP1: =AND(Database!#REF!,"AAAAAFP/36s=") -> #REF! | FQ1: =AND(Database!#REF!,"AAAAAFP/36w=") -> #REF! | FR1: =AND(Database!#REF!,"AAAAAFP/360=") -> #REF! | FS1: =AND(Database!#REF!,"AAAAAFP/364=") -> #REF! | FT1: =AND(Database!#REF!,"AAAAAFP/368=") -> #REF! | FU1: =AND(Database!#REF!,"AAAAAFP/37A=") -> #REF! | FV1: =AND(Database!#REF!,"AAAAAFP/37E=") -> #REF! | FW1: =AND(Database!#REF!,"AAAAAFP/37I=") -> #REF! | FX1: =AND(Database!#REF!,"AAAAAFP/37M=") -> #REF! | FY1: =AND(Database!#REF!,"AAAAAFP/37Q=") -> #REF! | FZ1: =AND(Database!#REF!,"AAAAAFP/37U=") -> #REF! | GA1: =IF(Database!#REF!,"AAAAAFP/37Y=",0) -> #REF! | GB1: =AND(Database!#REF!,"AAAAAFP/37c=") -> #REF! | GC1: =AND(Database!#REF!,"AAAAAFP/37g=") -> #REF! | GD1: =AND(Database!#REF!,"AAAAAFP/37k=") -> #REF! | GE1: =AND(Database!#REF!,"AAAAAFP/37o=") -> #REF! | GF1: =AND(Database!#REF!,"AAAAAFP/37s=") -> #REF! | GG1: =AND(Database!#REF!,"AAAAAFP/37w=") -> #REF! | GH1: =AND(Database!#REF!,"AAAAAFP/370=") -> #REF! | GI1: =AND(Database!#REF!,"AAAAAFP/374=") -> #REF! | GJ1: =AND(Database!#REF!,"AAAAAFP/378=") -> #REF! | GK1: =AND(Database!#REF!,"AAAAAFP/38A=") -> #REF! | GL1: =AND(Database!#REF!,"AAAAAFP/38E=") -> #REF! | GM1: =AND(Database!#REF!,"AAAAAFP/38I=") -> #REF! | GN1: =IF(Database!#REF!,"AAAAAFP/38M=",0) -> #REF! | GO1: =AND(Database!#REF!,"AAAAAFP/38Q=") -> #REF! | GP1: =AND(Database!#REF!,"AAAAAFP/38U=") -> #REF! | GQ1: =AND(Database!#REF!,"AAAAAFP/38Y=") -> #REF! | GR1: =AND(Database!#REF!,"AAAAAFP/38c=") -> #REF! | GS1: =AND(Database!#REF!,"AAAAAFP/38g=") -> #REF! | GT1: =AND(Database!#REF!,"AAAAAFP/38k=") -> #REF! | GU1: =AND(Database!#REF!,"AAAAAFP/38o=") -> #REF! | GV1: =AND(Database!#REF!,"AAAAAFP/38s=") -> #REF! | GW1: =AND(Database!#REF!,"AAAAAFP/38w=") -> #REF! | GX1: =AND(Database!#REF!,"AAAAAFP/380=") -> #REF! | GY1: =AND(Database!#REF!,"AAAAAFP/384=") -> #REF! | GZ1: =AND(Database!#REF!,"AAAAAFP/388=") -> #REF! | HA1: =IF(Database!#REF!,"AAAAAFP/39A=",0) -> #REF! | HB1: =AND(Database!#REF!,"AAAAAFP/39E=") -> #REF! | HC1: =AND(Database!#REF!,"AAAAAFP/39I=") -> #REF! | HD1: =AND(Database!#REF!,"AAAAAFP/39M=") -> #REF! | HE1: =AND(Database!#REF!,"AAAAAFP/39Q=") -> #REF! | HF1: =AND(Database!#REF!,"AAAAAFP/39U=") -> #REF! | HG1: =AND(Database!#REF!,"AAAAAFP/39Y=") -> #REF! | HH1: =AND(Database!#REF!,"AAAAAFP/39c=") -> #REF! | HI1: =AND(Database!#REF!,"AAAAAFP/39g=") -> #REF! | HJ1: =AND(Database!#REF!,"AAAAAFP/39k=") -> #REF! | HK1: =AND(Database!#REF!,"AAAAAFP/39o=") -> #REF! | HL1: =AND(Database!#REF!,"AAAAAFP/39s=") -> #REF! | HM1: =AND(Database!#REF!,"AAAAAFP/39w=") -> #REF! | HN1: =IF(Database!#REF!,"AAAAAFP/390=",0) -> #REF! | HO1: =AND(Database!#REF!,"AAAAAFP/394=") -> #REF! | HP1: =AND(Database!#REF!,"AAAAAFP/398=") -> #REF! | HQ1: =AND(Database!#REF!,"AAAAAFP/3+A=") -> #REF! | HR1: =AND(Database!#REF!,"AAAAAFP/3+E=") -> #REF! | HS1: =AND(Database!#REF!,"AAAAAFP/3+I=") -> #REF! | HT1: =AND(Database!#REF!,"AAAAAFP/3+M=") -> #REF! | HU1: =AND(Database!#REF!,"AAAAAFP/3+Q=") -> #REF! | HV1: =AND(Database!#REF!,"AAAAAFP/3+U=") -> #REF! | HW1: =AND(Database!#REF!,"AAAAAFP/3+Y=") -> #REF! | HX1: =AND(Database!#REF!,"AAAAAFP/3+c=") -> #REF! | HY1: =AND(Database!#REF!,"AAAAAFP/3+g=") -> #REF! | HZ1: =AND(Database!#REF!,"AAAAAFP/3+k=") -> #REF! | IA1: =IF(Database!#REF!,"AAAAAFP/3+o=",0) -> #REF! | IB1: =AND(Database!#REF!,"AAAAAFP/3+s=") -> #REF! | IC1: =AND(Database!#REF!,"AAAAAFP/3+w=") -> #REF! | ID1: =AND(Database!#REF!,"AAAAAFP/3+0=") -> #REF! | IE1: =AND(Database!#REF!,"AAAAAFP/3+4=") -> #REF! | IF1: =AND(Database!#REF!,"AAAAAFP/3+8=") -> #REF! | IG1: =AND(Database!#REF!,"AAAAAFP/3/A=") -> #REF! | IH1: =AND(Database!#REF!,"AAAAAFP/3/E=") -> #REF! | II1: =AND(Database!#REF!,"AAAAAFP/3/I=") -> #REF! | IJ1: =AND(Database!#REF!,"AAAAAFP/3/M=") -> #REF! | IK1: =AND(Database!#REF!,"AAAAAFP/3/Q=") -> #REF! | IL1: =AND(Database!#REF!,"AAAAAFP/3/U=") -> #REF! | IM1: =AND(Database!#REF!,"AAAAAFP/3/Y=") -> #REF! | IN1: =IF(Database!#REF!,"AAAAAFP/3/c=",0) -> #REF! | IO1: =AND(Database!#REF!,"AAAAAFP/3/g=") -> #REF! | IP1: =AND(Database!#REF!,"AAAAAFP/3/k=") -> #REF! | IQ1: =AND(Database!#REF!,"AAAAAFP/3/o=") -> #REF! | IR1: =AND(Database!#REF!,"AAAAAFP/3/s=") -> #REF! | IS1: =AND(Database!#REF!,"AAAAAFP/3/w=") -> #REF! | IT1: =AND(Database!#REF!,"AAAAAFP/3/0=") -> #REF! | IU1: =AND(Database!#REF!,"AAAAAFP/3/4=") -> #REF! | IV1: =AND(Database!#REF!,"AAAAAFP/3/8=") -> #REF!
A2: =AND(Database!#REF!,"AAAAAB9h+QA=") -> #REF! | B2: =AND(Database!#REF!,"AAAAAB9h+QE=") -> #REF! | C2: =AND(Database!#REF!,"AAAAAB9h+QI=") -> #REF! | D2: =AND(Database!#REF!,"AAAAAB9h+QM=") -> #REF! | E2: =IF(Database!#REF!,"AAAAAB9h+QQ=",0) -> #REF! | F2: =AND(Database!#REF!,"AAAAAB9h+QU=") -> #REF! | G2: =AND(Database!#REF!,"AAAAAB9h+QY=") -> #REF! | H2: =AND(Database!#REF!,"AAAAAB9h+Qc=") -> #REF! | I2: =AND(Database!#REF!,"AAAAAB9h+Qg=") -> #REF! | J2: =AND(Database!#REF!,"AAAAAB9h+Qk=") -> #REF! | K2: =AND(Database!#REF!,"AAAAAB9h+Qo=") -> #REF! | L2: =AND(Database!#REF!,"AAAAAB9h+Qs=") -> #REF! | M2: =AND(Database!#REF!,"AAAAAB9h+Qw=") -> #REF! | N2: =AND(Database!#REF!,"AAAAAB9h+Q0=") -> #REF! | O2: =AND(Database!#REF!,"AAAAAB9h+Q4=") -> #REF! | P2: =AND(Database!#REF!,"AAAAAB9h+Q8=") -> #REF! | Q2: =AND(Database!#REF!,"AAAAAB9h+RA=") -> #REF! | R2: =IF(Database!#REF!,"AAAAAB9h+RE=",0) -> #REF! | S2: =AND(Database!#REF!,"AAAAAB9h+RI=") -> #REF! | T2: =AND(Database!#REF!,"AAAAAB9h+RM=") -> #REF! | U2: =AND(Database!#REF!,"AAAAAB9h+RQ=") -> #REF! | V2: =AND(Database!#REF!,"AAAAAB9h+RU=") -> #REF! | W2: =AND(Database!#REF!,"AAAAAB9h+RY=") -> #REF! | X2: =AND(Database!#REF!,"AAAAAB9h+Rc=") -> #REF! | Y2: =AND(Database!#REF!,"AAAAAB9h+Rg=") -> #REF! | Z2: =AND(Database!#REF!,"AAAAAB9h+Rk=") -> #REF! | AA2: =AND(Database!#REF!,"AAAAAB9h+Ro=") -> #REF! | AB2: =AND(Database!#REF!,"AAAAAB9h+Rs=") -> #REF! | AC2: =AND(Database!#REF!,"AAAAAB9h+Rw=") -> #REF! | AD2: =AND(Database!#REF!,"AAAAAB9h+R0=") -> #REF! | AE2: =IF(Database!#REF!,"AAAAAB9h+R4=",0) -> #REF! | AF2: =AND(Database!#REF!,"AAAAAB9h+R8=") -> #REF! | AG2: =AND(Database!#REF!,"AAAAAB9h+SA=") -> #REF! | AH2: =AND(Database!#REF!,"AAAAAB9h+SE=") -> #REF! | AI2: =AND(Database!#REF!,"AAAAAB9h+SI=") -> #REF! | AJ2: =AND(Database!#REF!,"AAAAAB9h+SM=") -> #REF! | AK2: =AND(Database!#REF!,"AAAAAB9h+SQ=") -> #REF! | AL2: =AND(Database!#REF!,"AAAAAB9h+SU=") -> #REF! | AM2: =AND(Database!#REF!,"AAAAAB9h+SY=") -> #REF! | AN2: =AND(Database!#REF!,"AAAAAB9h+Sc=") -> #REF! | AO2: =AND(Database!#REF!,"AAAAAB9h+Sg=") -> #REF! | AP2: =AND(Database!#REF!,"AAAAAB9h+Sk=") -> #REF! | AQ2: =AND(Database!#REF!,"AAAAAB9h+So=") -> #REF! | AR2: =IF(Database!#REF!,"AAAAAB9h+Ss=",0) -> #REF! | AS2: =AND(Database!#REF!,"AAAAAB9h+Sw=") -> #REF! | AT2: =AND(Database!#REF!,"AAAAAB9h+S0=") -> #REF! | AU2: =AND(Database!#REF!,"AAAAAB9h+S4=") -> #REF! | AV2: =AND(Database!#REF!,"AAAAAB9h+S8=") -> #REF! | AW2: =AND(Database!#REF!,"AAAAAB9h+TA=") -> #REF! | AX2: =AND(Database!#REF!,"AAAAAB9h+TE=") -> #REF! | AY2: =AND(Database!#REF!,"AAAAAB9h+TI=") -> #REF! | AZ2: =AND(Database!#REF!,"AAAAAB9h+TM=") -> #REF! | BA2: =AND(Database!#REF!,"AAAAAB9h+TQ=") -> #REF! | BB2: =AND(Database!#REF!,"AAAAAB9h+TU=") -> #REF! | BC2: =AND(Database!#REF!,"AAAAAB9h+TY=") -> #REF! | BD2: =AND(Database!#REF!,"AAAAAB9h+Tc=") -> #REF! | BE2: =IF(Database!#REF!,"AAAAAB9h+Tg=",0) -> #REF! | BF2: =AND(Database!#REF!,"AAAAAB9h+Tk=") -> #REF! | BG2: =AND(Database!#REF!,"AAAAAB9h+To=") -> #REF! | BH2: =AND(Database!#REF!,"AAAAAB9h+Ts=") -> #REF! | BI2: =AND(Database!#REF!,"AAAAAB9h+Tw=") -> #REF! | BJ2: =AND(Database!#REF!,"AAAAAB9h+T0=") -> #REF! | BK2: =AND(Database!#REF!,"AAAAAB9h+T4=") -> #REF! | BL2: =AND(Database!#REF!,"AAAAAB9h+T8=") -> #REF! | BM2: =AND(Database!#REF!,"AAAAAB9h+UA=") -> #REF! | BN2: =AND(Database!#REF!,"AAAAAB9h+UE=") -> #REF! | BO2: =AND(Database!#REF!,"AAAAAB9h+UI=") -> #REF! | BP2: =AND(Database!#REF!,"AAAAAB9h+UM=") -> #REF! | BQ2: =AND(Database!#REF!,"AAAAAB9h+UQ=") -> #REF! | BR2: =IF(Database!#REF!,"AAAAAB9h+UU=",0) -> #REF! | BS2: =AND(Database!#REF!,"AAAAAB9h+UY=") -> #REF! | BT2: =AND(Database!#REF!,"AAAAAB9h+Uc=") -> #REF! | BU2: =AND(Database!#REF!,"AAAAAB9h+Ug=") -> #REF! | BV2: =AND(Database!#REF!,"AAAAAB9h+Uk=") -> #REF! | BW2: =AND(Database!#REF!,"AAAAAB9h+Uo=") -> #REF! | BX2: =AND(Database!#REF!,"AAAAAB9h+Us=") -> #REF! | BY2: =AND(Database!#REF!,"AAAAAB9h+Uw=") -> #REF! | BZ2: =AND(Database!#REF!,"AAAAAB9h+U0=") -> #REF! | CA2: =AND(Database!#REF!,"AAAAAB9h+U4=") -> #REF! | CB2: =AND(Database!#REF!,"AAAAAB9h+U8=") -> #REF! | CC2: =AND(Database!#REF!,"AAAAAB9h+VA=") -> #REF! | CD2: =AND(Database!#REF!,"AAAAAB9h+VE=") -> #REF! | CE2: =IF(Database!#REF!,"AAAAAB9h+VI=",0) -> #REF! | CF2: =AND(Database!#REF!,"AAAAAB9h+VM=") -> #REF! | CG2: =AND(Database!#REF!,"AAAAAB9h+VQ=") -> #REF! | CH2: =AND(Database!#REF!,"AAAAAB9h+VU=") -> #REF! | CI2: =AND(Database!#REF!,"AAAAAB9h+VY=") -> #REF! | CJ2: =AND(Database!#REF!,"AAAAAB9h+Vc=") -> #REF! | CK2: =AND(Database!#REF!,"AAAAAB9h+Vg=") -> #REF! | CL2: =AND(Database!#REF!,"AAAAAB9h+Vk=") -> #REF! | CM2: =AND(Database!#REF!,"AAAAAB9h+Vo=") -> #REF! | CN2: =AND(Database!#REF!,"AAAAAB9h+Vs=") -> #REF! | CO2: =AND(Database!#REF!,"AAAAAB9h+Vw=") -> #REF! | CP2: =AND(Database!#REF!,"AAAAAB9h+V0=") -> #REF! | CQ2: =AND(Database!#REF!,"AAAAAB9h+V4=") -> #REF! | CR2: =IF(Database!#REF!,"AAAAAB9h+V8=",0) -> #REF! | CS2: =AND(Database!#REF!,"AAAAAB9h+WA=") -> #REF! | CT2: =AND(Database!#REF!,"AAAAAB9h+WE=") -> #REF! | CU2: =AND(Database!#REF!,"AAAAAB9h+WI=") -> #REF! | CV2: =AND(Database!#REF!,"AAAAAB9h+WM=") -> #REF! | CW2: =AND(Database!#REF!,"AAAAAB9h+WQ=") -> #REF! | CX2: =AND(Database!#REF!,"AAAAAB9h+WU=") -> #REF! | CY2: =AND(Database!#REF!,"AAAAAB9h+WY=") -> #REF! | CZ2: =AND(Database!#REF!,"AAAAAB9h+Wc=") -> #REF! | DA2: =AND(Database!#REF!,"AAAAAB9h+Wg=") -> #REF! | DB2: =AND(Database!#REF!,"AAAAAB9h+Wk=") -> #REF! | DC2: =AND(Database!#REF!,"AAAAAB9h+Wo=") -> #REF! | DD2: =AND(Database!#REF!,"AAAAAB9h+Ws=") -> #REF! | DE2: =IF(Database!#REF!,"AAAAAB9h+Ww=",0) -> #REF! | DF2: =AND(Database!#REF!,"AAAAAB9h+W0=") -> #REF! | DG2: =AND(Database!#REF!,"AAAAAB9h+W4=") -> #REF! | DH2: =AND(Database!#REF!,"AAAAAB9h+W8=") -> #REF! | DI2: =AND(Database!#REF!,"AAAAAB9h+XA=") -> #REF! | DJ2: =AND(Database!#REF!,"AAAAAB9h+XE=") -> #REF! | DK2: =AND(Database!#REF!,"AAAAAB9h+XI=") -> #REF! | DL2: =AND(Database!#REF!,"AAAAAB9h+XM=") -> #REF! | DM2: =AND(Database!#REF!,"AAAAAB9h+XQ=") -> #REF! | DN2: =AND(Database!#REF!,"AAAAAB9h+XU=") -> #REF! | DO2: =AND(Database!#REF!,"AAAAAB9h+XY=") -> #REF! | DP2: =AND(Database!#REF!,"AAAAAB9h+Xc=") -> #REF! | DQ2: =AND(Database!#REF!,"AAAAAB9h+Xg=") -> #REF! | DR2: =IF(Database!#REF!,"AAAAAB9h+Xk=",0) -> #REF! | DS2: =AND(Database!#REF!,"AAAAAB9h+Xo=") -> #REF! | DT2: =AND(Database!#REF!,"AAAAAB9h+Xs=") -> #REF! | DU2: =AND(Database!#REF!,"AAAAAB9h+Xw=") -> #REF! | DV2: =AND(Database!#REF!,"AAAAAB9h+X0=") -> #REF! | DW2: =AND(Database!#REF!,"AAAAAB9h+X4=") -> #REF! | DX2: =AND(Database!#REF!,"AAAAAB9h+X8=") -> #REF! | DY2: =AND(Database!#REF!,"AAAAAB9h+YA=") -> #REF! | DZ2: =AND(Database!#REF!,"AAAAAB9h+YE=") -> #REF! | EA2: =AND(Database!#REF!,"AAAAAB9h+YI=") -> #REF! | EB2: =AND(Database!#REF!,"AAAAAB9h+YM=") -> #REF! | EC2: =AND(Database!#REF!,"AAAAAB9h+YQ=") -> #REF! | ED2: =AND(Database!#REF!,"AAAAAB9h+YU=") -> #REF! | EE2: =IF(Database!#REF!,"AAAAAB9h+YY=",0) -> #REF! | EF2: =AND(Database!#REF!,"AAAAAB9h+Yc=") -> #REF! | EG2: =AND(Database!#REF!,"AAAAAB9h+Yg=") -> #REF! | EH2: =AND(Database!#REF!,"AAAAAB9h+Yk=") -> #REF! | EI2: =AND(Database!#REF!,"AAAAAB9h+Yo=") -> #REF! | EJ2: =AND(Database!#REF!,"AAAAAB9h+Ys=") -> #REF! | EK2: =AND(Database!#REF!,"AAAAAB9h+Yw=") -> #REF! | EL2: =AND(Database!#REF!,"AAAAAB9h+Y0=") -> #REF! | EM2: =AND(Database!#REF!,"AAAAAB9h+Y4=") -> #REF! | EN2: =AND(Database!#REF!,"AAAAAB9h+Y8=") -> #REF! | EO2: =AND(Database!#REF!,"AAAAAB9h+ZA=") -> #REF! | EP2: =AND(Database!#REF!,"AAAAAB9h+ZE=") -> #REF! | EQ2: =AND(Database!#REF!,"AAAAAB9h+ZI=") -> #REF! | ER2: =IF(Database!#REF!,"AAAAAB9h+ZM=",0) -> #REF! | ES2: =AND(Database!#REF!,"AAAAAB9h+ZQ=") -> #REF! | ET2: =AND(Database!#REF!,"AAAAAB9h+ZU=") -> #REF! | EU2: =AND(Database!#REF!,"AAAAAB9h+ZY=") -> #REF! | EV2: =AND(Database!#REF!,"AAAAAB9h+Zc=") -> #REF! | EW2: =AND(Database!#REF!,"AAAAAB9h+Zg=") -> #REF! | EX2: =AND(Database!#REF!,"AAAAAB9h+Zk=") -> #REF! | EY2: =AND(Database!#REF!,"AAAAAB9h+Zo=") -> #REF! | EZ2: =AND(Database!#REF!,"AAAAAB9h+Zs=") -> #REF! | FA2: =AND(Database!#REF!,"AAAAAB9h+Zw=") -> #REF! | FB2: =AND(Database!#REF!,"AAAAAB9h+Z0=") -> #REF! | FC2: =AND(Database!#REF!,"AAAAAB9h+Z4=") -> #REF! | FD2: =AND(Database!#REF!,"AAAAAB9h+Z8=") -> #REF! | FE2: =IF(Database!#REF!,"AAAAAB9h+aA=",0) -> #REF! | FF2: =AND(Database!#REF!,"AAAAAB9h+aE=") -> #REF! | FG2: =AND(Database!#REF!,"AAAAAB9h+aI=") -> #REF! | FH2: =AND(Database!#REF!,"AAAAAB9h+aM=") -> #REF! | FI2: =AND(Database!#REF!,"AAAAAB9h+aQ=") -> #REF! | FJ2: =AND(Database!#REF!,"AAAAAB9h+aU=") -> #REF! | FK2: =AND(Database!#REF!,"AAAAAB9h+aY=") -> #REF! | FL2: =AND(Database!#REF!,"AAAAAB9h+ac=") -> #REF! | FM2: =AND(Database!#REF!,"AAAAAB9h+ag=") -> #REF! | FN2: =AND(Database!#REF!,"AAAAAB9h+ak=") -> #REF! | FO2: =AND(Database!#REF!,"AAAAAB9h+ao=") -> #REF! | FP2: =AND(Database!#REF!,"AAAAAB9h+as=") -> #REF! | FQ2: =AND(Database!#REF!,"AAAAAB9h+aw=") -> #REF! | FR2: =IF(Database!#REF!,"AAAAAB9h+a0=",0) -> #REF! | FS2: =AND(Database!#REF!,"AAAAAB9h+a4=") -> #REF! | FT2: =AND(Database!#REF!,"AAAAAB9h+a8=") -> #REF! | FU2: =AND(Database!#REF!,"AAAAAB9h+bA=") -> #REF! | FV2: =AND(Database!#REF!,"AAAAAB9h+bE=") -> #REF! | FW2: =AND(Database!#REF!,"AAAAAB9h+bI=") -> #REF! | FX2: =AND(Database!#REF!,"AAAAAB9h+bM=") -> #REF! | FY2: =AND(Database!#REF!,"AAAAAB9h+bQ=") -> #REF! | FZ2: =AND(Database!#REF!,"AAAAAB9h+bU=") -> #REF! | GA2: =AND(Database!#REF!,"AAAAAB9h+bY=") -> #REF! | GB2: =AND(Database!#REF!,"AAAAAB9h+bc=") -> #REF! | GC2: =AND(Database!#REF!,"AAAAAB9h+bg=") -> #REF! | GD2: =AND(Database!#REF!,"AAAAAB9h+bk=") -> #REF! | GE2: =IF(Database!#REF!,"AAAAAB9h+bo=",0) -> #REF! | GF2: =AND(Database!#REF!,"AAAAAB9h+bs=") -> #REF! | GG2: =AND(Database!#REF!,"AAAAAB9h+bw=") -> #REF! | GH2: =AND(Database!#REF!,"AAAAAB9h+b0=") -> #REF! | GI2: =AND(Database!#REF!,"AAAAAB9h+b4=") -> #REF! | GJ2: =AND(Database!#REF!,"AAAAAB9h+b8=") -> #REF! | GK2: =AND(Database!#REF!,"AAAAAB9h+cA=") -> #REF! | GL2: =AND(Database!#REF!,"AAAAAB9h+cE=") -> #REF! | GM2: =AND(Database!#REF!,"AAAAAB9h+cI=") -> #REF! | GN2: =AND(Database!#REF!,"AAAAAB9h+cM=") -> #REF! | GO2: =AND(Database!#REF!,"AAAAAB9h+cQ=") -> #REF! | GP2: =AND(Database!#REF!,"AAAAAB9h+cU=") -> #REF! | GQ2: =AND(Database!#REF!,"AAAAAB9h+cY=") -> #REF! | GR2: =IF(Database!#REF!,"AAAAAB9h+cc=",0) -> #REF! | GS2: =AND(Database!#REF!,"AAAAAB9h+cg=") -> #REF! | GT2: =AND(Database!#REF!,"AAAAAB9h+ck=") -> #REF! | GU2: =AND(Database!#REF!,"AAAAAB9h+co=") -> #REF! | GV2: =AND(Database!#REF!,"AAAAAB9h+cs=") -> #REF! | GW2: =AND(Database!#REF!,"AAAAAB9h+cw=") -> #REF! | GX2: =AND(Database!#REF!,"AAAAAB9h+c0=") -> #REF! | GY2: =AND(Database!#REF!,"AAAAAB9h+c4=") -> #REF! | GZ2: =AND(Database!#REF!,"AAAAAB9h+c8=") -> #REF! | HA2: =AND(Database!#REF!,"AAAAAB9h+dA=") -> #REF! | HB2: =AND(Database!#REF!,"AAAAAB9h+dE=") -> #REF! | HC2: =AND(Database!#REF!,"AAAAAB9h+dI=") -> #REF! | HD2: =AND(Database!#REF!,"AAAAAB9h+dM=") -> #REF! | HE2: =IF(Database!#REF!,"AAAAAB9h+dQ=",0) -> #REF! | HF2: =AND(Database!#REF!,"AAAAAB9h+dU=") -> #REF! | HG2: =AND(Database!#REF!,"AAAAAB9h+dY=") -> #REF! | HH2: =AND(Database!#REF!,"AAAAAB9h+dc=") -> #REF! | HI2: =AND(Database!#REF!,"AAAAAB9h+dg=") -> #REF! | HJ2: =AND(Database!#REF!,"AAAAAB9h+dk=") -> #REF! | HK2: =AND(Database!#REF!,"AAAAAB9h+do=") -> #REF! | HL2: =AND(Database!#REF!,"AAAAAB9h+ds=") -> #REF! | HM2: =AND(Database!#REF!,"AAAAAB9h+dw=") -> #REF! | HN2: =AND(Database!#REF!,"AAAAAB9h+d0=") -> #REF! | HO2: =AND(Database!#REF!,"AAAAAB9h+d4=") -> #REF! | HP2: =AND(Database!#REF!,"AAAAAB9h+d8=") -> #REF! | HQ2: =AND(Database!#REF!,"AAAAAB9h+eA=") -> #REF! | HR2: =IF(Database!#REF!,"AAAAAB9h+eE=",0) -> #REF! | HS2: =AND(Database!#REF!,"AAAAAB9h+eI=") -> #REF! | HT2: =AND(Database!#REF!,"AAAAAB9h+eM=") -> #REF! | HU2: =AND(Database!#REF!,"AAAAAB9h+eQ=") -> #REF! | HV2: =AND(Database!#REF!,"AAAAAB9h+eU=") -> #REF! | HW2: =AND(Database!#REF!,"AAAAAB9h+eY=") -> #REF! | HX2: =AND(Database!#REF!,"AAAAAB9h+ec=") -> #REF! | HY2: =AND(Database!#REF!,"AAAAAB9h+eg=") -> #REF! | HZ2: =AND(Database!#REF!,"AAAAAB9h+ek=") -> #REF! | IA2: =AND(Database!#REF!,"AAAAAB9h+eo=") -> #REF! | IB2: =AND(Database!#REF!,"AAAAAB9h+es=") -> #REF! | IC2: =AND(Database!#REF!,"AAAAAB9h+ew=") -> #REF! | ID2: =AND(Database!#REF!,"AAAAAB9h+e0=") -> #REF! | IE2: =IF(Database!#REF!,"AAAAAB9h+e4=",0) -> #REF! | IF2: =AND(Database!#REF!,"AAAAAB9h+e8=") -> #REF! | IG2: =AND(Database!#REF!,"AAAAAB9h+fA=") -> #REF! | IH2: =AND(Database!#REF!,"AAAAAB9h+fE=") -> #REF! | II2: =AND(Database!#REF!,"AAAAAB9h+fI=") -> #REF! | IJ2: =AND(Database!#REF!,"AAAAAB9h+fM=") -> #REF! | IK2: =AND(Database!#REF!,"AAAAAB9h+fQ=") -> #REF! | IL2: =AND(Database!#REF!,"AAAAAB9h+fU=") -> #REF! | IM2: =AND(Database!#REF!,"AAAAAB9h+fY=") -> #REF! | IN2: =AND(Database!#REF!,"AAAAAB9h+fc=") -> #REF! | IO2: =AND(Database!#REF!,"AAAAAB9h+fg=") -> #REF! | IP2: =AND(Database!#REF!,"AAAAAB9h+fk=") -> #REF! | IQ2: =AND(Database!#REF!,"AAAAAB9h+fo=") -> #REF! | IR2: =IF(Database!#REF!,"AAAAAB9h+fs=",0) -> #REF! | IS2: =AND(Database!#REF!,"AAAAAB9h+fw=") -> #REF! | IT2: =AND(Database!#REF!,"AAAAAB9h+f0=") -> #REF! | IU2: =AND(Database!#REF!,"AAAAAB9h+f4=") -> #REF! | IV2: =AND(Database!#REF!,"AAAAAB9h+f8=") -> #REF!
A3: =AND(Database!#REF!,"AAAAAFtl+QA=") -> #REF! | B3: =AND(Database!#REF!,"AAAAAFtl+QE=") -> #REF! | C3: =AND(Database!#REF!,"AAAAAFtl+QI=") -> #REF! | D3: =AND(Database!#REF!,"AAAAAFtl+QM=") -> #REF! | E3: =AND(Database!#REF!,"AAAAAFtl+QQ=") -> #REF! | F3: =AND(Database!#REF!,"AAAAAFtl+QU=") -> #REF! | G3: =AND(Database!#REF!,"AAAAAFtl+QY=") -> #REF! | H3: =AND(Database!#REF!,"AAAAAFtl+Qc=") -> #REF! | I3: =IF(Database!#REF!,"AAAAAFtl+Qg=",0) -> #REF! | J3: =AND(Database!#REF!,"AAAAAFtl+Qk=") -> #REF! | K3: =AND(Database!#REF!,"AAAAAFtl+Qo=") -> #REF! | L3: =AND(Database!#REF!,"AAAAAFtl+Qs=") -> #REF! | M3: =AND(Database!#REF!,"AAAAAFtl+Qw=") -> #REF! | N3: =AND(Database!#REF!,"AAAAAFtl+Q0=") -> #REF! | O3: =AND(Database!#REF!,"AAAAAFtl+Q4=") -> #REF! | P3: =AND(Database!#REF!,"AAAAAFtl+Q8=") -> #REF! | Q3: =AND(Database!#REF!,"AAAAAFtl+RA=") -> #REF! | R3: =AND(Database!#REF!,"AAAAAFtl+RE=") -> #REF! | S3: =AND(Database!#REF!,"AAAAAFtl+RI=") -> #REF! | T3: =AND(Database!#REF!,"AAAAAFtl+RM=") -> #REF! | U3: =AND(Database!#REF!,"AAAAAFtl+RQ=") -> #REF! | V3: =IF(Database!#REF!,"AAAAAFtl+RU=",0) -> #REF! | W3: =AND(Database!#REF!,"AAAAAFtl+RY=") -> #REF! | X3: =AND(Database!#REF!,"AAAAAFtl+Rc=") -> #REF! | Y3: =AND(Database!#REF!,"AAAAAFtl+Rg=") -> #REF! | Z3: =AND(Database!#REF!,"AAAAAFtl+Rk=") -> #REF! | AA3: =AND(Database!#REF!,"AAAAAFtl+Ro=") -> #REF! | AB3: =AND(Database!#REF!,"AAAAAFtl+Rs=") -> #REF! | AC3: =AND(Database!#REF!,"AAAAAFtl+Rw=") -> #REF! | AD3: =AND(Database!#REF!,"AAAAAFtl+R0=") -> #REF! | AE3: =AND(Database!#REF!,"AAAAAFtl+R4=") -> #REF! | AF3: =AND(Database!#REF!,"AAAAAFtl+R8=") -> #REF! | AG3: =AND(Database!#REF!,"AAAAAFtl+SA=") -> #REF! | AH3: =AND(Database!#REF!,"AAAAAFtl+SE=") -> #REF! | AI3: =IF(Database!#REF!,"AAAAAFtl+SI=",0) -> #REF! | AJ3: =AND(Database!#REF!,"AAAAAFtl+SM=") -> #REF! | AK3: =AND(Database!#REF!,"AAAAAFtl+SQ=") -> #REF! | AL3: =AND(Database!#REF!,"AAAAAFtl+SU=") -> #REF! | AM3: =AND(Database!#REF!,"AAAAAFtl+SY=") -> #REF! | AN3: =AND(Database!#REF!,"AAAAAFtl+Sc=") -> #REF! | AO3: =AND(Database!#REF!,"AAAAAFtl+Sg=") -> #REF! | AP3: =AND(Database!#REF!,"AAAAAFtl+Sk=") -> #REF! | AQ3: =AND(Database!#REF!,"AAAAAFtl+So=") -> #REF! | AR3: =AND(Database!#REF!,"AAAAAFtl+Ss=") -> #REF! | AS3: =AND(Database!#REF!,"AAAAAFtl+Sw=") -> #REF! | AT3: =AND(Database!#REF!,"AAAAAFtl+S0=") -> #REF! | AU3: =AND(Database!#REF!,"AAAAAFtl+S4=") -> #REF! | AV3: =IF(Database!#REF!,"AAAAAFtl+S8=",0) -> #REF! | AW3: =AND(Database!#REF!,"AAAAAFtl+TA=") -> #REF! | AX3: =AND(Database!#REF!,"AAAAAFtl+TE=") -> #REF! | AY3: =AND(Database!#REF!,"AAAAAFtl+TI=") -> #REF! | AZ3: =AND(Database!#REF!,"AAAAAFtl+TM=") -> #REF! | BA3: =AND(Database!#REF!,"AAAAAFtl+TQ=") -> #REF! | BB3: =AND(Database!#REF!,"AAAAAFtl+TU=") -> #REF! | BC3: =AND(Database!#REF!,"AAAAAFtl+TY=") -> #REF! | BD3: =AND(Database!#REF!,"AAAAAFtl+Tc=") -> #REF! | BE3: =AND(Database!#REF!,"AAAAAFtl+Tg=") -> #REF! | BF3: =AND(Database!#REF!,"AAAAAFtl+Tk=") -> #REF! | BG3: =AND(Database!#REF!,"AAAAAFtl+To=") -> #REF! | BH3: =AND(Database!#REF!,"AAAAAFtl+Ts=") -> #REF! | BI3: =IF(Database!#REF!,"AAAAAFtl+Tw=",0) -> #REF! | BJ3: =AND(Database!#REF!,"AAAAAFtl+T0=") -> #REF! | BK3: =AND(Database!#REF!,"AAAAAFtl+T4=") -> #REF! | BL3: =AND(Database!#REF!,"AAAAAFtl+T8=") -> #REF! | BM3: =AND(Database!#REF!,"AAAAAFtl+UA=") -> #REF! | BN3: =AND(Database!#REF!,"AAAAAFtl+UE=") -> #REF! | BO3: =AND(Database!#REF!,"AAAAAFtl+UI=") -> #REF! | BP3: =AND(Database!#REF!,"AAAAAFtl+UM=") -> #REF! | BQ3: =AND(Database!#REF!,"AAAAAFtl+UQ=") -> #REF! | BR3: =AND(Database!#REF!,"AAAAAFtl+UU=") -> #REF! | BS3: =AND(Database!#REF!,"AAAAAFtl+UY=") -> #REF! | BT3: =AND(Database!#REF!,"AAAAAFtl+Uc=") -> #REF! | BU3: =AND(Database!#REF!,"AAAAAFtl+Ug=") -> #REF! | BV3: =IF(Database!#REF!,"AAAAAFtl+Uk=",0) -> #REF! | BW3: =AND(Database!#REF!,"AAAAAFtl+Uo=") -> #REF! | BX3: =AND(Database!#REF!,"AAAAAFtl+Us=") -> #REF! | BY3: =AND(Database!#REF!,"AAAAAFtl+Uw=") -> #REF! | BZ3: =AND(Database!#REF!,"AAAAAFtl+U0=") -> #REF! | CA3: =AND(Database!#REF!,"AAAAAFtl+U4=") -> #REF! | CB3: =AND(Database!#REF!,"AAAAAFtl+U8=") -> #REF! | CC3: =AND(Database!#REF!,"AAAAAFtl+VA=") -> #REF! | CD3: =AND(Database!#REF!,"AAAAAFtl+VE=") -> #REF! | CE3: =AND(Database!#REF!,"AAAAAFtl+VI=") -> #REF! | CF3: =AND(Database!#REF!,"AAAAAFtl+VM=") -> #REF! | CG3: =AND(Database!#REF!,"AAAAAFtl+VQ=") -> #REF! | CH3: =AND(Database!#REF!,"AAAAAFtl+VU=") -> #REF! | CI3: =IF(Database!#REF!,"AAAAAFtl+VY=",0) -> #REF! | CJ3: =AND(Database!#REF!,"AAAAAFtl+Vc=") -> #REF! | CK3: =AND(Database!#REF!,"AAAAAFtl+Vg=") -> #REF! | CL3: =AND(Database!#REF!,"AAAAAFtl+Vk=") -> #REF! | CM3: =AND(Database!#REF!,"AAAAAFtl+Vo=") -> #REF! | CN3: =AND(Database!#REF!,"AAAAAFtl+Vs=") -> #REF! | CO3: =AND(Database!#REF!,"AAAAAFtl+Vw=") -> #REF! | CP3: =AND(Database!#REF!,"AAAAAFtl+V0=") -> #REF! | CQ3: =AND(Database!#REF!,"AAAAAFtl+V4=") -> #REF! | CR3: =AND(Database!#REF!,"AAAAAFtl+V8=") -> #REF! | CS3: =AND(Database!#REF!,"AAAAAFtl+WA=") -> #REF! | CT3: =AND(Database!#REF!,"AAAAAFtl+WE=") -> #REF! | CU3: =AND(Database!#REF!,"AAAAAFtl+WI=") -> #REF! | CV3: =IF(Database!#REF!,"AAAAAFtl+WM=",0) -> #REF! | CW3: =AND(Database!#REF!,"AAAAAFtl+WQ=") -> #REF! | CX3: =AND(Database!#REF!,"AAAAAFtl+WU=") -> #REF! | CY3: =AND(Database!#REF!,"AAAAAFtl+WY=") -> #REF! | CZ3: =AND(Database!#REF!,"AAAAAFtl+Wc=") -> #REF! | DA3: =AND(Database!#REF!,"AAAAAFtl+Wg=") -> #REF! | DB3: =AND(Database!#REF!,"AAAAAFtl+Wk=") -> #REF! | DC3: =AND(Database!#REF!,"AAAAAFtl+Wo=") -> #REF! | DD3: =AND(Database!#REF!,"AAAAAFtl+Ws=") -> #REF! | DE3: =AND(Database!#REF!,"AAAAAFtl+Ww=") -> #REF! | DF3: =AND(Database!#REF!,"AAAAAFtl+W0=") -> #REF! | DG3: =AND(Database!#REF!,"AAAAAFtl+W4=") -> #REF! | DH3: =AND(Database!#REF!,"AAAAAFtl+W8=") -> #REF! | DI3: =IF(Database!#REF!,"AAAAAFtl+XA=",0) -> #REF! | DJ3: =AND(Database!#REF!,"AAAAAFtl+XE=") -> #REF! | DK3: =AND(Database!#REF!,"AAAAAFtl+XI=") -> #REF! | DL3: =AND(Database!#REF!,"AAAAAFtl+XM=") -> #REF! | DM3: =AND(Database!#REF!,"AAAAAFtl+XQ=") -> #REF! | DN3: =AND(Database!#REF!,"AAAAAFtl+XU=") -> #REF! | DO3: =AND(Database!#REF!,"AAAAAFtl+XY=") -> #REF! | DP3: =AND(Database!#REF!,"AAAAAFtl+Xc=") -> #REF! | DQ3: =AND(Database!#REF!,"AAAAAFtl+Xg=") -> #REF! | DR3: =AND(Database!#REF!,"AAAAAFtl+Xk=") -> #REF! | DS3: =AND(Database!#REF!,"AAAAAFtl+Xo=") -> #REF! | DT3: =AND(Database!#REF!,"AAAAAFtl+Xs=") -> #REF! | DU3: =AND(Database!#REF!,"AAAAAFtl+Xw=") -> #REF! | DV3: =IF(Database!#REF!,"AAAAAFtl+X0=",0) -> #REF! | DW3: =AND(Database!#REF!,"AAAAAFtl+X4=") -> #REF! | DX3: =AND(Database!#REF!,"AAAAAFtl+X8=") -> #REF! | DY3: =AND(Database!#REF!,"AAAAAFtl+YA=") -> #REF! | DZ3: =AND(Database!#REF!,"AAAAAFtl+YE=") -> #REF! | EA3: =AND(Database!#REF!,"AAAAAFtl+YI=") -> #REF! | EB3: =AND(Database!#REF!,"AAAAAFtl+YM=") -> #REF! | EC3: =AND(Database!#REF!,"AAAAAFtl+YQ=") -> #REF! | ED3: =AND(Database!#REF!,"AAAAAFtl+YU=") -> #REF! | EE3: =AND(Database!#REF!,"AAAAAFtl+YY=") -> #REF! | EF3: =AND(Database!#REF!,"AAAAAFtl+Yc=") -> #REF! | EG3: =AND(Database!#REF!,"AAAAAFtl+Yg=") -> #REF! | EH3: =AND(Database!#REF!,"AAAAAFtl+Yk=") -> #REF! | EI3: =IF(Database!#REF!,"AAAAAFtl+Yo=",0) -> #REF! | EJ3: =AND(Database!#REF!,"AAAAAFtl+Ys=") -> #REF! | EK3: =AND(Database!#REF!,"AAAAAFtl+Yw=") -> #REF! | EL3: =AND(Database!#REF!,"AAAAAFtl+Y0=") -> #REF! | EM3: =AND(Database!#REF!,"AAAAAFtl+Y4=") -> #REF! | EN3: =AND(Database!#REF!,"AAAAAFtl+Y8=") -> #REF! | EO3: =AND(Database!#REF!,"AAAAAFtl+ZA=") -> #REF! | EP3: =AND(Database!#REF!,"AAAAAFtl+ZE=") -> #REF! | EQ3: =AND(Database!#REF!,"AAAAAFtl+ZI=") -> #REF! | ER3: =AND(Database!#REF!,"AAAAAFtl+ZM=") -> #REF! | ES3: =AND(Database!#REF!,"AAAAAFtl+ZQ=") -> #REF! | ET3: =AND(Database!#REF!,"AAAAAFtl+ZU=") -> #REF! | EU3: =AND(Database!#REF!,"AAAAAFtl+ZY=") -> #REF! | EV3: =IF(Database!#REF!,"AAAAAFtl+Zc=",0) -> #REF! | EW3: =AND(Database!#REF!,"AAAAAFtl+Zg=") -> #REF! | EX3: =AND(Database!#REF!,"AAAAAFtl+Zk=") -> #REF! | EY3: =AND(Database!#REF!,"AAAAAFtl+Zo=") -> #REF! | EZ3: =AND(Database!#REF!,"AAAAAFtl+Zs=") -> #REF! | FA3: =AND(Database!#REF!,"AAAAAFtl+Zw=") -> #REF! | FB3: =AND(Database!#REF!,"AAAAAFtl+Z0=") -> #REF! | FC3: =AND(Database!#REF!,"AAAAAFtl+Z4=") -> #REF! | FD3: =AND(Database!#REF!,"AAAAAFtl+Z8=") -> #REF! | FE3: =AND(Database!#REF!,"AAAAAFtl+aA=") -> #REF! | FF3: =AND(Database!#REF!,"AAAAAFtl+aE=") -> #REF! | FG3: =AND(Database!#REF!,"AAAAAFtl+aI=") -> #REF! | FH3: =AND(Database!#REF!,"AAAAAFtl+aM=") -> #REF! | FI3: =IF(Database!#REF!,"AAAAAFtl+aQ=",0) -> #REF! | FJ3: =AND(Database!#REF!,"AAAAAFtl+aU=") -> #REF! | FK3: =AND(Database!#REF!,"AAAAAFtl+aY=") -> #REF! | FL3: =AND(Database!#REF!,"AAAAAFtl+ac=") -> #REF! | FM3: =AND(Database!#REF!,"AAAAAFtl+ag=") -> #REF! | FN3: =AND(Database!#REF!,"AAAAAFtl+ak=") -> #REF! | FO3: =AND(Database!#REF!,"AAAAAFtl+ao=") -> #REF! | FP3: =AND(Database!#REF!,"AAAAAFtl+as=") -> #REF! | FQ3: =AND(Database!#REF!,"AAAAAFtl+aw=") -> #REF! | FR3: =AND(Database!#REF!,"AAAAAFtl+a0=") -> #REF! | FS3: =AND(Database!#REF!,"AAAAAFtl+a4=") -> #REF! | FT3: =AND(Database!#REF!,"AAAAAFtl+a8=") -> #REF! | FU3: =AND(Database!#REF!,"AAAAAFtl+bA=") -> #REF! | FV3: =IF(Database!#REF!,"AAAAAFtl+bE=",0) -> #REF! | FW3: =AND(Database!#REF!,"AAAAAFtl+bI=") -> #REF! | FX3: =AND(Database!#REF!,"AAAAAFtl+bM=") -> #REF! | FY3: =AND(Database!#REF!,"AAAAAFtl+bQ=") -> #REF! | FZ3: =AND(Database!#REF!,"AAAAAFtl+bU=") -> #REF! | GA3: =AND(Database!#REF!,"AAAAAFtl+bY=") -> #REF! | GB3: =AND(Database!#REF!,"AAAAAFtl+bc=") -> #REF! | GC3: =AND(Database!#REF!,"AAAAAFtl+bg=") -> #REF! | GD3: =AND(Database!#REF!,"AAAAAFtl+bk=") -> #REF! | GE3: =AND(Database!#REF!,"AAAAAFtl+bo=") -> #REF! | GF3: =AND(Database!#REF!,"AAAAAFtl+bs=") -> #REF! | GG3: =AND(Database!#REF!,"AAAAAFtl+bw=") -> #REF! | GH3: =AND(Database!#REF!,"AAAAAFtl+b0=") -> #REF! | GI3: =IF(Database!#REF!,"AAAAAFtl+b4=",0) -> #REF! | GJ3: =AND(Database!#REF!,"AAAAAFtl+b8=") -> #REF! | GK3: =AND(Database!#REF!,"AAAAAFtl+cA=") -> #REF! | GL3: =AND(Database!#REF!,"AAAAAFtl+cE=") -> #REF! | GM3: =AND(Database!#REF!,"AAAAAFtl+cI=") -> #REF! | GN3: =AND(Database!#REF!,"AAAAAFtl+cM=") -> #REF! | GO3: =AND(Database!#REF!,"AAAAAFtl+cQ=") -> #REF! | GP3: =AND(Database!#REF!,"AAAAAFtl+cU=") -> #REF! | GQ3: =AND(Database!#REF!,"AAAAAFtl+cY=") -> #REF! | GR3: =AND(Database!#REF!,"AAAAAFtl+cc=") -> #REF! | GS3: =AND(Database!#REF!,"AAAAAFtl+cg=") -> #REF! | GT3: =AND(Database!#REF!,"AAAAAFtl+ck=") -> #REF! | GU3: =AND(Database!#REF!,"AAAAAFtl+co=") -> #REF! | GV3: =IF(Database!#REF!,"AAAAAFtl+cs=",0) -> #REF! | GW3: =AND(Database!#REF!,"AAAAAFtl+cw=") -> #REF! | GX3: =AND(Database!#REF!,"AAAAAFtl+c0=") -> #REF! | GY3: =AND(Database!#REF!,"AAAAAFtl+c4=") -> #REF! | GZ3: =AND(Database!#REF!,"AAAAAFtl+c8=") -> #REF! | HA3: =AND(Database!#REF!,"AAAAAFtl+dA=") -> #REF! | HB3: =AND(Database!#REF!,"AAAAAFtl+dE=") -> #REF! | HC3: =AND(Database!#REF!,"AAAAAFtl+dI=") -> #REF! | HD3: =AND(Database!#REF!,"AAAAAFtl+dM=") -> #REF! | HE3: =AND(Database!#REF!,"AAAAAFtl+dQ=") -> #REF! | HF3: =AND(Database!#REF!,"AAAAAFtl+dU=") -> #REF! | HG3: =AND(Database!#REF!,"AAAAAFtl+dY=") -> #REF! | HH3: =AND(Database!#REF!,"AAAAAFtl+dc=") -> #REF! | HI3: =IF(Database!#REF!,"AAAAAFtl+dg=",0) -> #REF! | HJ3: =AND(Database!#REF!,"AAAAAFtl+dk=") -> #REF! | HK3: =AND(Database!#REF!,"AAAAAFtl+do=") -> #REF! | HL3: =AND(Database!#REF!,"AAAAAFtl+ds=") -> #REF! | HM3: =AND(Database!#REF!,"AAAAAFtl+dw=") -> #REF! | HN3: =AND(Database!#REF!,"AAAAAFtl+d0=") -> #REF! | HO3: =AND(Database!#REF!,"AAAAAFtl+d4=") -> #REF! | HP3: =AND(Database!#REF!,"AAAAAFtl+d8=") -> #REF! | HQ3: =AND(Database!#REF!,"AAAAAFtl+eA=") -> #REF! | HR3: =AND(Database!#REF!,"AAAAAFtl+eE=") -> #REF! | HS3: =AND(Database!#REF!,"AAAAAFtl+eI=") -> #REF! | HT3: =AND(Database!#REF!,"AAAAAFtl+eM=") -> #REF! | HU3: =AND(Database!#REF!,"AAAAAFtl+eQ=") -> #REF! | HV3: =IF(Database!#REF!,"AAAAAFtl+eU=",0) -> #REF! | HW3: =AND(Database!#REF!,"AAAAAFtl+eY=") -> #REF! | HX3: =AND(Database!#REF!,"AAAAAFtl+ec=") -> #REF! | HY3: =AND(Database!#REF!,"AAAAAFtl+eg=") -> #REF! | HZ3: =AND(Database!#REF!,"AAAAAFtl+ek=") -> #REF! | IA3: =AND(Database!#REF!,"AAAAAFtl+eo=") -> #REF! | IB3: =AND(Database!#REF!,"AAAAAFtl+es=") -> #REF! | IC3: =AND(Database!#REF!,"AAAAAFtl+ew=") -> #REF! | ID3: =AND(Database!#REF!,"AAAAAFtl+e0=") -> #REF! | IE3: =AND(Database!#REF!,"AAAAAFtl+e4=") -> #REF! | IF3: =AND(Database!#REF!,"AAAAAFtl+e8=") -> #REF! | IG3: =AND(Database!#REF!,"AAAAAFtl+fA=") -> #REF! | IH3: =AND(Database!#REF!,"AAAAAFtl+fE=") -> #REF! | II3: =IF(Database!#REF!,"AAAAAFtl+fI=",0) -> #REF! | IJ3: =AND(Database!#REF!,"AAAAAFtl+fM=") -> #REF! | IK3: =AND(Database!#REF!,"AAAAAFtl+fQ=") -> #REF! | IL3: =AND(Database!#REF!,"AAAAAFtl+fU=") -> #REF! | IM3: =AND(Database!#REF!,"AAAAAFtl+fY=") -> #REF! | IN3: =AND(Database!#REF!,"AAAAAFtl+fc=") -> #REF! | IO3: =AND(Database!#REF!,"AAAAAFtl+fg=") -> #REF! | IP3: =AND(Database!#REF!,"AAAAAFtl+fk=") -> #REF! | IQ3: =AND(Database!#REF!,"AAAAAFtl+fo=") -> #REF! | IR3: =AND(Database!#REF!,"AAAAAFtl+fs=") -> #REF! | IS3: =AND(Database!#REF!,"AAAAAFtl+fw=") -> #REF! | IT3: =AND(Database!#REF!,"AAAAAFtl+f0=") -> #REF! | IU3: =AND(Database!#REF!,"AAAAAFtl+f4=") -> #REF! | IV3: =IF(Database!#REF!,"AAAAAFtl+f8=",0) -> #REF!
A4: =AND(Database!#REF!,"AAAAAFf//wA=") -> #REF! | B4: =AND(Database!#REF!,"AAAAAFf//wE=") -> #REF! | C4: =AND(Database!#REF!,"AAAAAFf//wI=") -> #REF! | D4: =AND(Database!#REF!,"AAAAAFf//wM=") -> #REF! | E4: =AND(Database!#REF!,"AAAAAFf//wQ=") -> #REF! | F4: =AND(Database!#REF!,"AAAAAFf//wU=") -> #REF! | G4: =AND(Database!#REF!,"AAAAAFf//wY=") -> #REF! | H4: =AND(Database!#REF!,"AAAAAFf//wc=") -> #REF! | I4: =AND(Database!#REF!,"AAAAAFf//wg=") -> #REF! | J4: =AND(Database!#REF!,"AAAAAFf//wk=") -> #REF! | K4: =AND(Database!#REF!,"AAAAAFf//wo=") -> #REF! | L4: =AND(Database!#REF!,"AAAAAFf//ws=") -> #REF! | M4: =IF(Database!#REF!,"AAAAAFf//ww=",0) -> #REF! | N4: =AND(Database!#REF!,"AAAAAFf//w0=") -> #REF! | O4: =AND(Database!#REF!,"AAAAAFf//w4=") -> #REF! | P4: =AND(Database!#REF!,"AAAAAFf//w8=") -> #REF! | Q4: =AND(Database!#REF!,"AAAAAFf//xA=") -> #REF! | R4: =AND(Database!#REF!,"AAAAAFf//xE=") -> #REF! | S4: =AND(Database!#REF!,"AAAAAFf//xI=") -> #REF! | T4: =AND(Database!#REF!,"AAAAAFf//xM=") -> #REF! | U4: =AND(Database!#REF!,"AAAAAFf//xQ=") -> #REF! | V4: =AND(Database!#REF!,"AAAAAFf//xU=") -> #REF! | W4: =AND(Database!#REF!,"AAAAAFf//xY=") -> #REF! | X4: =AND(Database!#REF!,"AAAAAFf//xc=") -> #REF! | Y4: =AND(Database!#REF!,"AAAAAFf//xg=") -> #REF! | Z4: =IF(Database!#REF!,"AAAAAFf//xk=",0) -> #REF! | AA4: =AND(Database!#REF!,"AAAAAFf//xo=") -> #REF! | AB4: =AND(Database!#REF!,"AAAAAFf//xs=") -> #REF! | AC4: =AND(Database!#REF!,"AAAAAFf//xw=") -> #REF! | AD4: =AND(Database!#REF!,"AAAAAFf//x0=") -> #REF! | AE4: =AND(Database!#REF!,"AAAAAFf//x4=") -> #REF! | AF4: =AND(Database!#REF!,"AAAAAFf//x8=") -> #REF! | AG4: =AND(Database!#REF!,"AAAAAFf//yA=") -> #REF! | AH4: =AND(Database!#REF!,"AAAAAFf//yE=") -> #REF! | AI4: =AND(Database!#REF!,"AAAAAFf//yI=") -> #REF! | AJ4: =AND(Database!#REF!,"AAAAAFf//yM=") -> #REF! | AK4: =AND(Database!#REF!,"AAAAAFf//yQ=") -> #REF! | AL4: =AND(Database!#REF!,"AAAAAFf//yU=") -> #REF! | AM4: =IF(Database!#REF!,"AAAAAFf//yY=",0) -> #REF! | AN4: =AND(Database!#REF!,"AAAAAFf//yc=") -> #REF! | AO4: =AND(Database!#REF!,"AAAAAFf//yg=") -> #REF! | AP4: =AND(Database!#REF!,"AAAAAFf//yk=") -> #REF! | AQ4: =AND(Database!#REF!,"AAAAAFf//yo=") -> #REF! | AR4: =AND(Database!#REF!,"AAAAAFf//ys=") -> #REF! | AS4: =AND(Database!#REF!,"AAAAAFf//yw=") -> #REF! | AT4: =AND(Database!#REF!,"AAAAAFf//y0=") -> #REF! | AU4: =AND(Database!#REF!,"AAAAAFf//y4=") -> #REF! | AV4: =AND(Database!#REF!,"AAAAAFf//y8=") -> #REF! | AW4: =AND(Database!#REF!,"AAAAAFf//zA=") -> #REF! | AX4: =AND(Database!#REF!,"AAAAAFf//zE=") -> #REF! | AY4: =AND(Database!#REF!,"AAAAAFf//zI=") -> #REF! | AZ4: =IF(Database!#REF!,"AAAAAFf//zM=",0) -> #REF! | BA4: =AND(Database!#REF!,"AAAAAFf//zQ=") -> #REF! | BB4: =AND(Database!#REF!,"AAAAAFf//zU=") -> #REF! | BC4: =AND(Database!#REF!,"AAAAAFf//zY=") -> #REF! | BD4: =AND(Database!#REF!,"AAAAAFf//zc=") -> #REF! | BE4: =AND(Database!#REF!,"AAAAAFf//zg=") -> #REF! | BF4: =AND(Database!#REF!,"AAAAAFf//zk=") -> #REF! | BG4: =AND(Database!#REF!,"AAAAAFf//zo=") -> #REF! | BH4: =AND(Database!#REF!,"AAAAAFf//zs=") -> #REF! | BI4: =AND(Database!#REF!,"AAAAAFf//zw=") -> #REF! | BJ4: =AND(Database!#REF!,"AAAAAFf//z0=") -> #REF! | BK4: =AND(Database!#REF!,"AAAAAFf//z4=") -> #REF! | BL4: =AND(Database!#REF!,"AAAAAFf//z8=") -> #REF! | BM4: =IF(Database!#REF!,"AAAAAFf//0A=",0) -> #REF! | BN4: =AND(Database!#REF!,"AAAAAFf//0E=") -> #REF! | BO4: =AND(Database!#REF!,"AAAAAFf//0I=") -> #REF! | BP4: =AND(Database!#REF!,"AAAAAFf//0M=") -> #REF! | BQ4: =AND(Database!#REF!,"AAAAAFf//0Q=") -> #REF! | BR4: =AND(Database!#REF!,"AAAAAFf//0U=") -> #REF! | BS4: =AND(Database!#REF!,"AAAAAFf//0Y=") -> #REF! | BT4: =AND(Database!#REF!,"AAAAAFf//0c=") -> #REF! | BU4: =AND(Database!#REF!,"AAAAAFf//0g=") -> #REF! | BV4: =AND(Database!#REF!,"AAAAAFf//0k=") -> #REF! | BW4: =AND(Database!#REF!,"AAAAAFf//0o=") -> #REF! | BX4: =AND(Database!#REF!,"AAAAAFf//0s=") -> #REF! | BY4: =AND(Database!#REF!,"AAAAAFf//0w=") -> #REF! | BZ4: =IF(Database!#REF!,"AAAAAFf//00=",0) -> #REF! | CA4: =IF(Database!A:A,"AAAAAFf//04=",0) -> #VALUE! | CB4: =IF(Database!#REF!,"AAAAAFf//08=",0) -> #REF! | CC4: =IF(Database!#REF!,"AAAAAFf//1A=",0) -> #REF! | CD4: =IF(Database!#REF!,"AAAAAFf//1E=",0) -> #REF! | CE4: =IF(Database!#REF!,"AAAAAFf//1I=",0) -> #REF! | CF4: =IF(Database!#REF!,"AAAAAFf//1M=",0) -> #REF! | CG4: =IF(Database!#REF!,"AAAAAFf//1Q=",0) -> #REF! | CH4: =IF(Database!#REF!,"AAAAAFf//1U=",0) -> #REF! | CI4: =IF(Database!#REF!,"AAAAAFf//1Y=",0) -> #REF! | CJ4: =IF(Database!#REF!,"AAAAAFf//1c=",0) -> #REF! | CK4: =IF(Database!#REF!,"AAAAAFf//1g=",0) -> #REF! | CL4: =IF(Database!#REF!,"AAAAAFf//1k=",0) -> #REF! | CM4: =IF(#REF!,"AAAAAFf//1o=",0) -> #REF! | CN4: =AND(#REF!,"AAAAAFf//1s=") -> #REF! | CO4: =AND(#REF!,"AAAAAFf//1w=") -> #REF! | CP4: =AND(#REF!,"AAAAAFf//10=") -> #REF! | CQ4: =AND(#REF!,"AAAAAFf//14=") -> #REF! | CR4: =AND(#REF!,"AAAAAFf//18=") -> #REF! | CS4: =AND(#REF!,"AAAAAFf//2A=") -> #REF! | CT4: =AND(#REF!,"AAAAAFf//2E=") -> #REF! | CU4: =AND(#REF!,"AAAAAFf//2I=") -> #REF! | CV4: =AND(#REF!,"AAAAAFf//2M=") -> #REF! | CW4: =AND(#REF!,"AAAAAFf//2Q=") -> #REF! | CX4: =AND(#REF!,"AAAAAFf//2U=") -> #REF! | CY4: =IF(#REF!,"AAAAAFf//2Y=",0) -> #REF! | CZ4: =AND(#REF!,"AAAAAFf//2c=") -> #REF! | DA4: =AND(#REF!,"AAAAAFf//2g=") -> #REF! | DB4: =AND(#REF!,"AAAAAFf//2k=") -> #REF! | DC4: =AND(#REF!,"AAAAAFf//2o=") -> #REF! | DD4: =AND(#REF!,"AAAAAFf//2s=") -> #REF! | DE4: =AND(#REF!,"AAAAAFf//2w=") -> #REF! | DF4: =AND(#REF!,"AAAAAFf//20=") -> #REF! | DG4: =AND(#REF!,"AAAAAFf//24=") -> #REF! | DH4: =AND(#REF!,"AAAAAFf//28=") -> #REF! | DI4: =AND(#REF!,"AAAAAFf//3A=") -> #REF! | DJ4: =AND(#REF!,"AAAAAFf//3E=") -> #REF! | DK4: =IF(#REF!,"AAAAAFf//3I=",0) -> #REF! | DL4: =AND(#REF!,"AAAAAFf//3M=") -> #REF! | DM4: =AND(#REF!,"AAAAAFf//3Q=") -> #REF! | DN4: =AND(#REF!,"AAAAAFf//3U=") -> #REF! | DO4: =AND(#REF!,"AAAAAFf//3Y=") -> #REF! | DP4: =AND(#REF!,"AAAAAFf//3c=") -> #REF! | DQ4: =AND(#REF!,"AAAAAFf//3g=") -> #REF! | DR4: =AND(#REF!,"AAAAAFf//3k=") -> #REF! | DS4: =AND(#REF!,"AAAAAFf//3o=") -> #REF! | DT4: =AND(#REF!,"AAAAAFf//3s=") -> #REF! | DU4: =AND(#REF!,"AAAAAFf//3w=") -> #REF! | DV4: =AND(#REF!,"AAAAAFf//30=") -> #REF! | DW4: =IF(#REF!,"AAAAAFf//34=",0) -> #REF! | DX4: =AND(#REF!,"AAAAAFf//38=") -> #REF! | DY4: =AND(#REF!,"AAAAAFf//4A=") -> #REF! | DZ4: =AND(#REF!,"AAAAAFf//4E=") -> #REF! | EA4: =AND(#REF!,"AAAAAFf//4I=") -> #REF! | EB4: =AND(#REF!,"AAAAAFf//4M=") -> #REF! | EC4: =AND(#REF!,"AAAAAFf//4Q=") -> #REF! | ED4: =AND(#REF!,"AAAAAFf//4U=") -> #REF! | EE4: =AND(#REF!,"AAAAAFf//4Y=") -> #REF! | EF4: =AND(#REF!,"AAAAAFf//4c=") -> #REF! | EG4: =AND(#REF!,"AAAAAFf//4g=") -> #REF! | EH4: =AND(#REF!,"AAAAAFf//4k=") -> #REF! | EI4: =IF(#REF!,"AAAAAFf//4o=",0) -> #REF! | EJ4: =AND(#REF!,"AAAAAFf//4s=") -> #REF! | EK4: =AND(#REF!,"AAAAAFf//4w=") -> #REF! | EL4: =AND(#REF!,"AAAAAFf//40=") -> #REF! | EM4: =AND(#REF!,"AAAAAFf//44=") -> #REF! | EN4: =AND(#REF!,"AAAAAFf//48=") -> #REF! | EO4: =AND(#REF!,"AAAAAFf//5A=") -> #REF! | EP4: =AND(#REF!,"AAAAAFf//5E=") -> #REF! | EQ4: =AND(#REF!,"AAAAAFf//5I=") -> #REF! | ER4: =AND(#REF!,"AAAAAFf//5M=") -> #REF! | ES4: =AND(#REF!,"AAAAAFf//5Q=") -> #REF! | ET4: =AND(#REF!,"AAAAAFf//5U=") -> #REF! | EU4: =IF(#REF!,"AAAAAFf//5Y=",0) -> #REF! | EV4: =AND(#REF!,"AAAAAFf//5c=") -> #REF! | EW4: =AND(#REF!,"AAAAAFf//5g=") -> #REF! | EX4: =AND(#REF!,"AAAAAFf//5k=") -> #REF! | EY4: =AND(#REF!,"AAAAAFf//5o=") -> #REF! | EZ4: =AND(#REF!,"AAAAAFf//5s=") -> #REF! | FA4: =AND(#REF!,"AAAAAFf//5w=") -> #REF! | FB4: =AND(#REF!,"AAAAAFf//50=") -> #REF! | FC4: =AND(#REF!,"AAAAAFf//54=") -> #REF! | FD4: =AND(#REF!,"AAAAAFf//58=") -> #REF! | FE4: =AND(#REF!,"AAAAAFf//6A=") -> #REF! | FF4: =AND(#REF!,"AAAAAFf//6E=") -> #REF! | FG4: =IF(#REF!,"AAAAAFf//6I=",0) -> #REF! | FH4: =AND(#REF!,"AAAAAFf//6M=") -> #REF! | FI4: =AND(#REF!,"AAAAAFf//6Q=") -> #REF! | FJ4: =AND(#REF!,"AAAAAFf//6U=") -> #REF! | FK4: =AND(#REF!,"AAAAAFf//6Y=") -> #REF! | FL4: =AND(#REF!,"AAAAAFf//6c=") -> #REF! | FM4: =AND(#REF!,"AAAAAFf//6g=") -> #REF! | FN4: =AND(#REF!,"AAAAAFf//6k=") -> #REF! | FO4: =AND(#REF!,"AAAAAFf//6o=") -> #REF! | FP4: =AND(#REF!,"AAAAAFf//6s=") -> #REF! | FQ4: =AND(#REF!,"AAAAAFf//6w=") -> #REF! | FR4: =AND(#REF!,"AAAAAFf//60=") -> #REF! | FS4: =IF(#REF!,"AAAAAFf//64=",0) -> #REF! | FT4: =AND(#REF!,"AAAAAFf//68=") -> #REF! | FU4: =AND(#REF!,"AAAAAFf//7A=") -> #REF! | FV4: =AND(#REF!,"AAAAAFf//7E=") -> #REF! | FW4: =AND(#REF!,"AAAAAFf//7I=") -> #REF! | FX4: =AND(#REF!,"AAAAAFf//7M=") -> #REF! | FY4: =AND(#REF!,"AAAAAFf//7Q=") -> #REF! | FZ4: =AND(#REF!,"AAAAAFf//7U=") -> #REF! | GA4: =AND(#REF!,"AAAAAFf//7Y=") -> #REF! | GB4: =AND(#REF!,"AAAAAFf//7c=") -> #REF! | GC4: =AND(#REF!,"AAAAAFf//7g=") -> #REF! | GD4: =AND(#REF!,"AAAAAFf//7k=") -> #REF! | GE4: =IF(#REF!,"AAAAAFf//7o=",0) -> #REF! | GF4: =AND(#REF!,"AAAAAFf//7s=") -> #REF! | GG4: =AND(#REF!,"AAAAAFf//7w=") -> #REF! | GH4: =AND(#REF!,"AAAAAFf//70=") -> #REF! | GI4: =AND(#REF!,"AAAAAFf//74=") -> #REF! | GJ4: =AND(#REF!,"AAAAAFf//78=") -> #REF! | GK4: =AND(#REF!,"AAAAAFf//8A=") -> #REF! | GL4: =AND(#REF!,"AAAAAFf//8E=") -> #REF! | GM4: =AND(#REF!,"AAAAAFf//8I=") -> #REF! | GN4: =AND(#REF!,"AAAAAFf//8M=") -> #REF! | GO4: =AND(#REF!,"AAAAAFf//8Q=") -> #REF! | GP4: =AND(#REF!,"AAAAAFf//8U=") -> #REF! | GQ4: =IF(#REF!,"AAAAAFf//8Y=",0) -> #REF! | GR4: =AND(#REF!,"AAAAAFf//8c=") -> #REF! | GS4: =AND(#REF!,"AAAAAFf//8g=") -> #REF! | GT4: =AND(#REF!,"AAAAAFf//8k=") -> #REF! | GU4: =AND(#REF!,"AAAAAFf//8o=") -> #REF! | GV4: =AND(#REF!,"AAAAAFf//8s=") -> #REF! | GW4: =AND(#REF!,"AAAAAFf//8w=") -> #REF! | GX4: =AND(#REF!,"AAAAAFf//80=") -> #REF! | GY4: =AND(#REF!,"AAAAAFf//84=") -> #REF! | GZ4: =AND(#REF!,"AAAAAFf//88=") -> #REF! | HA4: =AND(#REF!,"AAAAAFf//9A=") -> #REF! | HB4: =AND(#REF!,"AAAAAFf//9E=") -> #REF! | HC4: =IF(#REF!,"AAAAAFf//9I=",0) -> #REF! | HD4: =AND(#REF!,"AAAAAFf//9M=") -> #REF! | HE4: =AND(#REF!,"AAAAAFf//9Q=") -> #REF! | HF4: =AND(#REF!,"AAAAAFf//9U=") -> #REF! | HG4: =AND(#REF!,"AAAAAFf//9Y=") -> #REF! | HH4: =AND(#REF!,"AAAAAFf//9c=") -> #REF! | HI4: =AND(#REF!,"AAAAAFf//9g=") -> #REF! | HJ4: =AND(#REF!,"AAAAAFf//9k=") -> #REF! | HK4: =AND(#REF!,"AAAAAFf//9o=") -> #REF! | HL4: =AND(#REF!,"AAAAAFf//9s=") -> #REF! | HM4: =AND(#REF!,"AAAAAFf//9w=") -> #REF! | HN4: =AND(#REF!,"AAAAAFf//90=") -> #REF! | HO4: =IF(#REF!,"AAAAAFf//94=",0) -> #REF! | HP4: =AND(#REF!,"AAAAAFf//98=") -> #REF! | HQ4: =AND(#REF!,"AAAAAFf//+A=") -> #REF! | HR4: =AND(#REF!,"AAAAAFf//+E=") -> #REF! | HS4: =AND(#REF!,"AAAAAFf//+I=") -> #REF! | HT4: =AND(#REF!,"AAAAAFf//+M=") -> #REF! | HU4: =AND(#REF!,"AAAAAFf//+Q=") -> #REF! | HV4: =AND(#REF!,"AAAAAFf//+U=") -> #REF! | HW4: =AND(#REF!,"AAAAAFf//+Y=") -> #REF! | HX4: =AND(#REF!,"AAAAAFf//+c=") -> #REF! | HY4: =AND(#REF!,"AAAAAFf//+g=") -> #REF! | HZ4: =AND(#REF!,"AAAAAFf//+k=") -> #REF! | IA4: =IF(#REF!,"AAAAAFf//+o=",0) -> #REF! | IB4: =AND(#REF!,"AAAAAFf//+s=") -> #REF! | IC4: =AND(#REF!,"AAAAAFf//+w=") -> #REF! | ID4: =AND(#REF!,"AAAAAFf//+0=") -> #REF! | IE4: =AND(#REF!,"AAAAAFf//+4=") -> #REF! | IF4: =AND(#REF!,"AAAAAFf//+8=") -> #REF! | IG4: =AND(#REF!,"AAAAAFf///A=") -> #REF! | IH4: =AND(#REF!,"AAAAAFf///E=") -> #REF! | II4: =AND(#REF!,"AAAAAFf///I=") -> #REF! | IJ4: =AND(#REF!,"AAAAAFf///M=") -> #REF! | IK4: =AND(#REF!,"AAAAAFf///Q=") -> #REF! | IL4: =AND(#REF!,"AAAAAFf///U=") -> #REF! | IM4: =IF(#REF!,"AAAAAFf///Y=",0) -> #REF! | IN4: =AND(#REF!,"AAAAAFf///c=") -> #REF! | IO4: =AND(#REF!,"AAAAAFf///g=") -> #REF! | IP4: =AND(#REF!,"AAAAAFf///k=") -> #REF! | IQ4: =AND(#REF!,"AAAAAFf///o=") -> #REF! | IR4: =AND(#REF!,"AAAAAFf///s=") -> #REF! | IS4: =AND(#REF!,"AAAAAFf///w=") -> #REF! | IT4: =AND(#REF!,"AAAAAFf///0=") -> #REF! | IU4: =AND(#REF!,"AAAAAFf///4=") -> #REF! | IV4: =AND(#REF!,"AAAAAFf///8=") -> #REF!
A5: =AND(#REF!,"AAAAAG/ezwA=") -> #REF! | B5: =AND(#REF!,"AAAAAG/ezwE=") -> #REF! | C5: =IF(#REF!,"AAAAAG/ezwI=",0) -> #REF! | D5: =AND(#REF!,"AAAAAG/ezwM=") -> #REF! | E5: =AND(#REF!,"AAAAAG/ezwQ=") -> #REF! | F5: =AND(#REF!,"AAAAAG/ezwU=") -> #REF! | G5: =AND(#REF!,"AAAAAG/ezwY=") -> #REF! | H5: =AND(#REF!,"AAAAAG/ezwc=") -> #REF! | I5: =AND(#REF!,"AAAAAG/ezwg=") -> #REF! | J5: =AND(#REF!,"AAAAAG/ezwk=") -> #REF! | K5: =AND(#REF!,"AAAAAG/ezwo=") -> #REF! | L5: =AND(#REF!,"AAAAAG/ezws=") -> #REF! | M5: =AND(#REF!,"AAAAAG/ezww=") -> #REF! | N5: =AND(#REF!,"AAAAAG/ezw0=") -> #REF! | O5: =IF(#REF!,"AAAAAG/ezw4=",0) -> #REF! | P5: =AND(#REF!,"AAAAAG/ezw8=") -> #REF! | Q5: =AND(#REF!,"AAAAAG/ezxA=") -> #REF! | R5: =AND(#REF!,"AAAAAG/ezxE=") -> #REF! | S5: =AND(#REF!,"AAAAAG/ezxI=") -> #REF! | T5: =AND(#REF!,"AAAAAG/ezxM=") -> #REF! | U5: =AND(#REF!,"AAAAAG/ezxQ=") -> #REF! | V5: =AND(#REF!,"AAAAAG/ezxU=") -> #REF! | W5: =AND(#REF!,"AAAAAG/ezxY=") -> #REF! | X5: =AND(#REF!,"AAAAAG/ezxc=") -> #REF! | Y5: =AND(#REF!,"AAAAAG/ezxg=") -> #REF! | Z5: =AND(#REF!,"AAAAAG/ezxk=") -> #REF! | AA5: =IF(#REF!,"AAAAAG/ezxo=",0) -> #REF! | AB5: =AND(#REF!,"AAAAAG/ezxs=") -> #REF! | AC5: =AND(#REF!,"AAAAAG/ezxw=") -> #REF! | AD5: =AND(#REF!,"AAAAAG/ezx0=") -> #REF! | AE5: =AND(#REF!,"AAAAAG/ezx4=") -> #REF! | AF5: =AND(#REF!,"AAAAAG/ezx8=") -> #REF! | AG5: =AND(#REF!,"AAAAAG/ezyA=") -> #REF! | AH5: =AND(#REF!,"AAAAAG/ezyE=") -> #REF! | AI5: =AND(#REF!,"AAAAAG/ezyI=") -> #REF! | AJ5: =AND(#REF!,"AAAAAG/ezyM=") -> #REF! | AK5: =AND(#REF!,"AAAAAG/ezyQ=") -> #REF! | AL5: =AND(#REF!,"AAAAAG/ezyU=") -> #REF! | AM5: =IF(#REF!,"AAAAAG/ezyY=",0) -> #REF! | AN5: =AND(#REF!,"AAAAAG/ezyc=") -> #REF! | AO5: =AND(#REF!,"AAAAAG/ezyg=") -> #REF! | AP5: =AND(#REF!,"AAAAAG/ezyk=") -> #REF! | AQ5: =AND(#REF!,"AAAAAG/ezyo=") -> #REF! | AR5: =AND(#REF!,"AAAAAG/ezys=") -> #REF! | AS5: =AND(#REF!,"AAAAAG/ezyw=") -> #REF! | AT5: =AND(#REF!,"AAAAAG/ezy0=") -> #REF! | AU5: =AND(#REF!,"AAAAAG/ezy4=") -> #REF! | AV5: =AND(#REF!,"AAAAAG/ezy8=") -> #REF! | AW5: =AND(#REF!,"AAAAAG/ezzA=") -> #REF! | AX5: =AND(#REF!,"AAAAAG/ezzE=") -> #REF! | AY5: =IF(#REF!,"AAAAAG/ezzI=",0) -> #REF! | AZ5: =AND(#REF!,"AAAAAG/ezzM=") -> #REF! | BA5: =AND(#REF!,"AAAAAG/ezzQ=") -> #REF! | BB5: =AND(#REF!,"AAAAAG/ezzU=") -> #REF! | BC5: =AND(#REF!,"AAAAAG/ezzY=") -> #REF! | BD5: =AND(#REF!,"AAAAAG/ezzc=") -> #REF! | BE5: =AND(#REF!,"AAAAAG/ezzg=") -> #REF! | BF5: =AND(#REF!,"AAAAAG/ezzk=") -> #REF! | BG5: =AND(#REF!,"AAAAAG/ezzo=") -> #REF! | BH5: =AND(#REF!,"AAAAAG/ezzs=") -> #REF! | BI5: =AND(#REF!,"AAAAAG/ezzw=") -> #REF! | BJ5: =AND(#REF!,"AAAAAG/ezz0=") -> #REF! | BK5: =IF(#REF!,"AAAAAG/ezz4=",0) -> #REF! | BL5: =AND(#REF!,"AAAAAG/ezz8=") -> #REF! | BM5: =AND(#REF!,"AAAAAG/ez0A=") -> #REF! | BN5: =AND(#REF!,"AAAAAG/ez0E=") -> #REF! | BO5: =AND(#REF!,"AAAAAG/ez0I=") -> #REF! | BP5: =AND(#REF!,"AAAAAG/ez0M=") -> #REF! | BQ5: =AND(#REF!,"AAAAAG/ez0Q=") -> #REF! | BR5: =AND(#REF!,"AAAAAG/ez0U=") -> #REF! | BS5: =AND(#REF!,"AAAAAG/ez0Y=") -> #REF! | BT5: =AND(#REF!,"AAAAAG/ez0c=") -> #REF! | BU5: =AND(#REF!,"AAAAAG/ez0g=") -> #REF! | BV5: =AND(#REF!,"AAAAAG/ez0k=") -> #REF! | BW5: =IF(#REF!,"AAAAAG/ez0o=",0) -> #REF! | BX5: =AND(#REF!,"AAAAAG/ez0s=") -> #REF! | BY5: =AND(#REF!,"AAAAAG/ez0w=") -> #REF! | BZ5: =AND(#REF!,"AAAAAG/ez00=") -> #REF! | CA5: =AND(#REF!,"AAAAAG/ez04=") -> #REF! | CB5: =AND(#REF!,"AAAAAG/ez08=") -> #REF! | CC5: =AND(#REF!,"AAAAAG/ez1A=") -> #REF! | CD5: =AND(#REF!,"AAAAAG/ez1E=") -> #REF! | CE5: =AND(#REF!,"AAAAAG/ez1I=") -> #REF! | CF5: =AND(#REF!,"AAAAAG/ez1M=") -> #REF! | CG5: =AND(#REF!,"AAAAAG/ez1Q=") -> #REF! | CH5: =AND(#REF!,"AAAAAG/ez1U=") -> #REF! | CI5: =IF(#REF!,"AAAAAG/ez1Y=",0) -> #REF! | CJ5: =AND(#REF!,"AAAAAG/ez1c=") -> #REF! | CK5: =AND(#REF!,"AAAAAG/ez1g=") -> #REF! | CL5: =AND(#REF!,"AAAAAG/ez1k=") -> #REF! | CM5: =AND(#REF!,"AAAAAG/ez1o=") -> #REF! | CN5: =AND(#REF!,"AAAAAG/ez1s=") -> #REF! | CO5: =AND(#REF!,"AAAAAG/ez1w=") -> #REF! | CP5: =AND(#REF!,"AAAAAG/ez10=") -> #REF! | CQ5: =AND(#REF!,"AAAAAG/ez14=") -> #REF! | CR5: =AND(#REF!,"AAAAAG/ez18=") -> #REF! | CS5: =AND(#REF!,"AAAAAG/ez2A=") -> #REF! | CT5: =AND(#REF!,"AAAAAG/ez2E=") -> #REF! | CU5: =IF(#REF!,"AAAAAG/ez2I=",0) -> #REF! | CV5: =AND(#REF!,"AAAAAG/ez2M=") -> #REF! | CW5: =AND(#REF!,"AAAAAG/ez2Q=") -> #REF! | CX5: =AND(#REF!,"AAAAAG/ez2U=") -> #REF! | CY5: =AND(#REF!,"AAAAAG/ez2Y=") -> #REF! | CZ5: =AND(#REF!,"AAAAAG/ez2c=") -> #REF! | DA5: =AND(#REF!,"AAAAAG/ez2g=") -> #REF! | DB5: =AND(#REF!,"AAAAAG/ez2k=") -> #REF! | DC5: =AND(#REF!,"AAAAAG/ez2o=") -> #REF! | DD5: =AND(#REF!,"AAAAAG/ez2s=") -> #REF! | DE5: =AND(#REF!,"AAAAAG/ez2w=") -> #REF! | DF5: =AND(#REF!,"AAAAAG/ez20=") -> #REF! | DG5: =IF(#REF!,"AAAAAG/ez24=",0) -> #REF! | DH5: =AND(#REF!,"AAAAAG/ez28=") -> #REF! | DI5: =AND(#REF!,"AAAAAG/ez3A=") -> #REF! | DJ5: =AND(#REF!,"AAAAAG/ez3E=") -> #REF! | DK5: =AND(#REF!,"AAAAAG/ez3I=") -> #REF! | DL5: =AND(#REF!,"AAAAAG/ez3M=") -> #REF! | DM5: =AND(#REF!,"AAAAAG/ez3Q=") -> #REF! | DN5: =AND(#REF!,"AAAAAG/ez3U=") -> #REF! | DO5: =AND(#REF!,"AAAAAG/ez3Y=") -> #REF! | DP5: =AND(#REF!,"AAAAAG/ez3c=") -> #REF! | DQ5: =AND(#REF!,"AAAAAG/ez3g=") -> #REF! | DR5: =AND(#REF!,"AAAAAG/ez3k=") -> #REF! | DS5: =IF(#REF!,"AAAAAG/ez3o=",0) -> #REF! | DT5: =AND(#REF!,"AAAAAG/ez3s=") -> #REF! | DU5: =AND(#REF!,"AAAAAG/ez3w=") -> #REF! | DV5: =AND(#REF!,"AAAAAG/ez30=") -> #REF! | DW5: =AND(#REF!,"AAAAAG/ez34=") -> #REF! | DX5: =AND(#REF!,"AAAAAG/ez38=") -> #REF! | DY5: =AND(#REF!,"AAAAAG/ez4A=") -> #REF! | DZ5: =AND(#REF!,"AAAAAG/ez4E=") -> #REF! | EA5: =AND(#REF!,"AAAAAG/ez4I=") -> #REF! | EB5: =AND(#REF!,"AAAAAG/ez4M=") -> #REF! | EC5: =AND(#REF!,"AAAAAG/ez4Q=") -> #REF! | ED5: =AND(#REF!,"AAAAAG/ez4U=") -> #REF! | EE5: =IF(#REF!,"AAAAAG/ez4Y=",0) -> #REF! | EF5: =AND(#REF!,"AAAAAG/ez4c=") -> #REF! | EG5: =AND(#REF!,"AAAAAG/ez4g=") -> #REF! | EH5: =AND(#REF!,"AAAAAG/ez4k=") -> #REF! | EI5: =AND(#REF!,"AAAAAG/ez4o=") -> #REF! | EJ5: =AND(#REF!,"AAAAAG/ez4s=") -> #REF! | EK5: =AND(#REF!,"AAAAAG/ez4w=") -> #REF! | EL5: =AND(#REF!,"AAAAAG/ez40=") -> #REF! | EM5: =AND(#REF!,"AAAAAG/ez44=") -> #REF! | EN5: =AND(#REF!,"AAAAAG/ez48=") -> #REF! | EO5: =AND(#REF!,"AAAAAG/ez5A=") -> #REF! | EP5: =AND(#REF!,"AAAAAG/ez5E=") -> #REF! | EQ5: =IF(#REF!,"AAAAAG/ez5I=",0) -> #REF! | ER5: =AND(#REF!,"AAAAAG/ez5M=") -> #REF! | ES5: =AND(#REF!,"AAAAAG/ez5Q=") -> #REF! | ET5: =AND(#REF!,"AAAAAG/ez5U=") -> #REF! | EU5: =AND(#REF!,"AAAAAG/ez5Y=") -> #REF! | EV5: =AND(#REF!,"AAAAAG/ez5c=") -> #REF! | EW5: =AND(#REF!,"AAAAAG/ez5g=") -> #REF! | EX5: =AND(#REF!,"AAAAAG/ez5k=") -> #REF! | EY5: =AND(#REF!,"AAAAAG/ez5o=") -> #REF! | EZ5: =AND(#REF!,"AAAAAG/ez5s=") -> #REF! | FA5: =AND(#REF!,"AAAAAG/ez5w=") -> #REF! | FB5: =AND(#REF!,"AAAAAG/ez50=") -> #REF! | FC5: =IF(#REF!,"AAAAAG/ez54=",0) -> #REF! | FD5: =AND(#REF!,"AAAAAG/ez58=") -> #REF! | FE5: =AND(#REF!,"AAAAAG/ez6A=") -> #REF! | FF5: =AND(#REF!,"AAAAAG/ez6E=") -> #REF! | FG5: =AND(#REF!,"AAAAAG/ez6I=") -> #REF! | FH5: =AND(#REF!,"AAAAAG/ez6M=") -> #REF! | FI5: =AND(#REF!,"AAAAAG/ez6Q=") -> #REF! | FJ5: =AND(#REF!,"AAAAAG/ez6U=") -> #REF! | FK5: =AND(#REF!,"AAAAAG/ez6Y=") -> #REF! | FL5: =AND(#REF!,"AAAAAG/ez6c=") -> #REF! | FM5: =AND(#REF!,"AAAAAG/ez6g=") -> #REF! | FN5: =AND(#REF!,"AAAAAG/ez6k=") -> #REF! | FO5: =IF(#REF!,"AAAAAG/ez6o=",0) -> #REF! | FP5: =AND(#REF!,"AAAAAG/ez6s=") -> #REF! | FQ5: =AND(#REF!,"AAAAAG/ez6w=") -> #REF! | FR5: =AND(#REF!,"AAAAAG/ez60=") -> #REF! | FS5: =AND(#REF!,"AAAAAG/ez64=") -> #REF! | FT5: =AND(#REF!,"AAAAAG/ez68=") -> #REF! | FU5: =AND(#REF!,"AAAAAG/ez7A=") -> #REF! | FV5: =AND(#REF!,"AAAAAG/ez7E=") -> #REF! | FW5: =AND(#REF!,"AAAAAG/ez7I=") -> #REF! | FX5: =AND(#REF!,"AAAAAG/ez7M=") -> #REF! | FY5: =AND(#REF!,"AAAAAG/ez7Q=") -> #REF! | FZ5: =AND(#REF!,"AAAAAG/ez7U=") -> #REF! | GA5: =IF(#REF!,"AAAAAG/ez7Y=",0) -> #REF! | GB5: =AND(#REF!,"AAAAAG/ez7c=") -> #REF! | GC5: =AND(#REF!,"AAAAAG/ez7g=") -> #REF! | GD5: =AND(#REF!,"AAAAAG/ez7k=") -> #REF! | GE5: =AND(#REF!,"AAAAAG/ez7o=") -> #REF! | GF5: =AND(#REF!,"AAAAAG/ez7s=") -> #REF! | GG5: =AND(#REF!,"AAAAAG/ez7w=") -> #REF! | GH5: =AND(#REF!,"AAAAAG/ez70=") -> #REF! | GI5: =AND(#REF!,"AAAAAG/ez74=") -> #REF! | GJ5: =AND(#REF!,"AAAAAG/ez78=") -> #REF! | GK5: =AND(#REF!,"AAAAAG/ez8A=") -> #REF! | GL5: =AND(#REF!,"AAAAAG/ez8E=") -> #REF! | GM5: =IF(#REF!,"AAAAAG/ez8I=",0) -> #REF! | GN5: =AND(#REF!,"AAAAAG/ez8M=") -> #REF! | GO5: =AND(#REF!,"AAAAAG/ez8Q=") -> #REF! | GP5: =AND(#REF!,"AAAAAG/ez8U=") -> #REF! | GQ5: =AND(#REF!,"AAAAAG/ez8Y=") -> #REF! | GR5: =AND(#REF!,"AAAAAG/ez8c=") -> #REF! | GS5: =AND(#REF!,"AAAAAG/ez8g=") -> #REF! | GT5: =AND(#REF!,"AAAAAG/ez8k=") -> #REF! | GU5: =AND(#REF!,"AAAAAG/ez8o=") -> #REF! | GV5: =AND(#REF!,"AAAAAG/ez8s=") -> #REF! | GW5: =AND(#REF!,"AAAAAG/ez8w=") -> #REF! | GX5: =AND(#REF!,"AAAAAG/ez80=") -> #REF! | GY5: =IF(#REF!,"AAAAAG/ez84=",0) -> #REF! | GZ5: =AND(#REF!,"AAAAAG/ez88=") -> #REF! | HA5: =AND(#REF!,"AAAAAG/ez9A=") -> #REF! | HB5: =AND(#REF!,"AAAAAG/ez9E=") -> #REF! | HC5: =AND(#REF!,"AAAAAG/ez9I=") -> #REF! | HD5: =AND(#REF!,"AAAAAG/ez9M=") -> #REF! | HE5: =AND(#REF!,"AAAAAG/ez9Q=") -> #REF! | HF5: =AND(#REF!,"AAAAAG/ez9U=") -> #REF! | HG5: =AND(#REF!,"AAAAAG/ez9Y=") -> #REF! | HH5: =AND(#REF!,"AAAAAG/ez9c=") -> #REF! | HI5: =AND(#REF!,"AAAAAG/ez9g=") -> #REF! | HJ5: =AND(#REF!,"AAAAAG/ez9k=") -> #REF! | HK5: =IF(#REF!,"AAAAAG/ez9o=",0) -> #REF! | HL5: =AND(#REF!,"AAAAAG/ez9s=") -> #REF! | HM5: =AND(#REF!,"AAAAAG/ez9w=") -> #REF! | HN5: =AND(#REF!,"AAAAAG/ez90=") -> #REF! | HO5: =AND(#REF!,"AAAAAG/ez94=") -> #REF! | HP5: =AND(#REF!,"AAAAAG/ez98=") -> #REF! | HQ5: =AND(#REF!,"AAAAAG/ez+A=") -> #REF! | HR5: =AND(#REF!,"AAAAAG/ez+E=") -> #REF! | HS5: =AND(#REF!,"AAAAAG/ez+I=") -> #REF! | HT5: =AND(#REF!,"AAAAAG/ez+M=") -> #REF! | HU5: =AND(#REF!,"AAAAAG/ez+Q=") -> #REF! | HV5: =AND(#REF!,"AAAAAG/ez+U=") -> #REF! | HW5: =IF(#REF!,"AAAAAG/ez+Y=",0) -> #REF! | HX5: =AND(#REF!,"AAAAAG/ez+c=") -> #REF! | HY5: =AND(#REF!,"AAAAAG/ez+g=") -> #REF! | HZ5: =AND(#REF!,"AAAAAG/ez+k=") -> #REF! | IA5: =AND(#REF!,"AAAAAG/ez+o=") -> #REF! | IB5: =AND(#REF!,"AAAAAG/ez+s=") -> #REF! | IC5: =AND(#REF!,"AAAAAG/ez+w=") -> #REF! | ID5: =AND(#REF!,"AAAAAG/ez+0=") -> #REF! | IE5: =AND(#REF!,"AAAAAG/ez+4=") -> #REF! | IF5: =AND(#REF!,"AAAAAG/ez+8=") -> #REF! | IG5: =AND(#REF!,"AAAAAG/ez/A=") -> #REF! | IH5: =AND(#REF!,"AAAAAG/ez/E=") -> #REF! | II5: =IF(#REF!,"AAAAAG/ez/I=",0) -> #REF! | IJ5: =AND(#REF!,"AAAAAG/ez/M=") -> #REF! | IK5: =AND(#REF!,"AAAAAG/ez/Q=") -> #REF! | IL5: =AND(#REF!,"AAAAAG/ez/U=") -> #REF! | IM5: =AND(#REF!,"AAAAAG/ez/Y=") -> #REF! | IN5: =AND(#REF!,"AAAAAG/ez/c=") -> #REF! | IO5: =AND(#REF!,"AAAAAG/ez/g=") -> #REF! | IP5: =AND(#REF!,"AAAAAG/ez/k=") -> #REF! | IQ5: =AND(#REF!,"AAAAAG/ez/o=") -> #REF! | IR5: =AND(#REF!,"AAAAAG/ez/s=") -> #REF! | IS5: =AND(#REF!,"AAAAAG/ez/w=") -> #REF! | IT5: =AND(#REF!,"AAAAAG/ez/0=") -> #REF! | IU5: =IF(#REF!,"AAAAAG/ez/4=",0) -> #REF! | IV5: =AND(#REF!,"AAAAAG/ez/8=") -> #REF!
A6: =AND(#REF!,"AAAAAGf+9wA=") -> #REF! | B6: =AND(#REF!,"AAAAAGf+9wE=") -> #REF! | C6: =AND(#REF!,"AAAAAGf+9wI=") -> #REF! | D6: =AND(#REF!,"AAAAAGf+9wM=") -> #REF! | E6: =AND(#REF!,"AAAAAGf+9wQ=") -> #REF! | F6: =AND(#REF!,"AAAAAGf+9wU=") -> #REF! | G6: =AND(#REF!,"AAAAAGf+9wY=") -> #REF! | H6: =AND(#REF!,"AAAAAGf+9wc=") -> #REF! | I6: =AND(#REF!,"AAAAAGf+9wg=") -> #REF! | J6: =AND(#REF!,"AAAAAGf+9wk=") -> #REF! | K6: =IF(#REF!,"AAAAAGf+9wo=",0) -> #REF! | L6: =AND(#REF!,"AAAAAGf+9ws=") -> #REF! | M6: =AND(#REF!,"AAAAAGf+9ww=") -> #REF! | N6: =AND(#REF!,"AAAAAGf+9w0=") -> #REF! | O6: =AND(#REF!,"AAAAAGf+9w4=") -> #REF! | P6: =AND(#REF!,"AAAAAGf+9w8=") -> #REF! | Q6: =AND(#REF!,"AAAAAGf+9xA=") -> #REF! | R6: =AND(#REF!,"AAAAAGf+9xE=") -> #REF! | S6: =AND(#REF!,"AAAAAGf+9xI=") -> #REF! | T6: =AND(#REF!,"AAAAAGf+9xM=") -> #REF! | U6: =AND(#REF!,"AAAAAGf+9xQ=") -> #REF! | V6: =AND(#REF!,"AAAAAGf+9xU=") -> #REF! | W6: =IF(#REF!,"AAAAAGf+9xY=",0) -> #REF! | X6: =AND(#REF!,"AAAAAGf+9xc=") -> #REF! | Y6: =AND(#REF!,"AAAAAGf+9xg=") -> #REF! | Z6: =AND(#REF!,"AAAAAGf+9xk=") -> #REF! | AA6: =AND(#REF!,"AAAAAGf+9xo=") -> #REF! | AB6: =AND(#REF!,"AAAAAGf+9xs=") -> #REF! | AC6: =AND(#REF!,"AAAAAGf+9xw=") -> #REF! | AD6: =AND(#REF!,"AAAAAGf+9x0=") -> #REF! | AE6: =AND(#REF!,"AAAAAGf+9x4=") -> #REF! | AF6: =AND(#REF!,"AAAAAGf+9x8=") -> #REF! | AG6: =AND(#REF!,"AAAAAGf+9yA=") -> #REF! | AH6: =AND(#REF!,"AAAAAGf+9yE=") -> #REF! | AI6: =IF(#REF!,"AAAAAGf+9yI=",0) -> #REF! | AJ6: =AND(#REF!,"AAAAAGf+9yM=") -> #REF! | AK6: =AND(#REF!,"AAAAAGf+9yQ=") -> #REF! | AL6: =AND(#REF!,"AAAAAGf+9yU=") -> #REF! | AM6: =AND(#REF!,"AAAAAGf+9yY=") -> #REF! | AN6: =AND(#REF!,"AAAAAGf+9yc=") -> #REF! | AO6: =AND(#REF!,"AAAAAGf+9yg=") -> #REF! | AP6: =AND(#REF!,"AAAAAGf+9yk=") -> #REF! | AQ6: =AND(#REF!,"AAAAAGf+9yo=") -> #REF! | AR6: =AND(#REF!,"AAAAAGf+9ys=") -> #REF! | AS6: =AND(#REF!,"AAAAAGf+9yw=") -> #REF! | AT6: =AND(#REF!,"AAAAAGf+9y0=") -> #REF! | AU6: =IF(#REF!,"AAAAAGf+9y4=",0) -> #REF! | AV6: =AND(#REF!,"AAAAAGf+9y8=") -> #REF! | AW6: =AND(#REF!,"AAAAAGf+9zA=") -> #REF! | AX6: =AND(#REF!,"AAAAAGf+9zE=") -> #REF! | AY6: =AND(#REF!,"AAAAAGf+9zI=") -> #REF! | AZ6: =AND(#REF!,"AAAAAGf+9zM=") -> #REF! | BA6: =AND(#REF!,"AAAAAGf+9zQ=") -> #REF! | BB6: =AND(#REF!,"AAAAAGf+9zU=") -> #REF! | BC6: =AND(#REF!,"AAAAAGf+9zY=") -> #REF! | BD6: =AND(#REF!,"AAAAAGf+9zc=") -> #REF! | BE6: =AND(#REF!,"AAAAAGf+9zg=") -> #REF! | BF6: =AND(#REF!,"AAAAAGf+9zk=") -> #REF! | BG6: =IF(#REF!,"AAAAAGf+9zo=",0) -> #REF! | BH6: =AND(#REF!,"AAAAAGf+9zs=") -> #REF! | BI6: =AND(#REF!,"AAAAAGf+9zw=") -> #REF! | BJ6: =AND(#REF!,"AAAAAGf+9z0=") -> #REF! | BK6: =AND(#REF!,"AAAAAGf+9z4=") -> #REF! | BL6: =AND(#REF!,"AAAAAGf+9z8=") -> #REF! | BM6: =AND(#REF!,"AAAAAGf+90A=") -> #REF! | BN6: =AND(#REF!,"AAAAAGf+90E=") -> #REF! | BO6: =AND(#REF!,"AAAAAGf+90I=") -> #REF! | BP6: =AND(#REF!,"AAAAAGf+90M=") -> #REF! | BQ6: =AND(#REF!,"AAAAAGf+90Q=") -> #REF! | BR6: =AND(#REF!,"AAAAAGf+90U=") -> #REF! | BS6: =IF(#REF!,"AAAAAGf+90Y=",0) -> #REF! | BT6: =AND(#REF!,"AAAAAGf+90c=") -> #REF! | BU6: =AND(#REF!,"AAAAAGf+90g=") -> #REF! | BV6: =AND(#REF!,"AAAAAGf+90k=") -> #REF! | BW6: =AND(#REF!,"AAAAAGf+90o=") -> #REF! | BX6: =AND(#REF!,"AAAAAGf+90s=") -> #REF! | BY6: =AND(#REF!,"AAAAAGf+90w=") -> #REF! | BZ6: =AND(#REF!,"AAAAAGf+900=") -> #REF! | CA6: =AND(#REF!,"AAAAAGf+904=") -> #REF! | CB6: =AND(#REF!,"AAAAAGf+908=") -> #REF! | CC6: =AND(#REF!,"AAAAAGf+91A=") -> #REF! | CD6: =AND(#REF!,"AAAAAGf+91E=") -> #REF! | CE6: =IF(#REF!,"AAAAAGf+91I=",0) -> #REF! | CF6: =AND(#REF!,"AAAAAGf+91M=") -> #REF! | CG6: =AND(#REF!,"AAAAAGf+91Q=") -> #REF! | CH6: =AND(#REF!,"AAAAAGf+91U=") -> #REF! | CI6: =AND(#REF!,"AAAAAGf+91Y=") -> #REF! | CJ6: =AND(#REF!,"AAAAAGf+91c=") -> #REF! | CK6: =AND(#REF!,"AAAAAGf+91g=") -> #REF! | CL6: =AND(#REF!,"AAAAAGf+91k=") -> #REF! | CM6: =AND(#REF!,"AAAAAGf+91o=") -> #REF! | CN6: =AND(#REF!,"AAAAAGf+91s=") -> #REF! | CO6: =AND(#REF!,"AAAAAGf+91w=") -> #REF! | CP6: =AND(#REF!,"AAAAAGf+910=") -> #REF! | CQ6: =IF(#REF!,"AAAAAGf+914=",0) -> #REF! | CR6: =AND(#REF!,"AAAAAGf+918=") -> #REF! | CS6: =AND(#REF!,"AAAAAGf+92A=") -> #REF! | CT6: =AND(#REF!,"AAAAAGf+92E=") -> #REF! | CU6: =AND(#REF!,"AAAAAGf+92I=") -> #REF! | CV6: =AND(#REF!,"AAAAAGf+92M=") -> #REF! | CW6: =AND(#REF!,"AAAAAGf+92Q=") -> #REF! | CX6: =AND(#REF!,"AAAAAGf+92U=") -> #REF! | CY6: =AND(#REF!,"AAAAAGf+92Y=") -> #REF! | CZ6: =AND(#REF!,"AAAAAGf+92c=") -> #REF! | DA6: =AND(#REF!,"AAAAAGf+92g=") -> #REF! | DB6: =AND(#REF!,"AAAAAGf+92k=") -> #REF! | DC6: =IF(#REF!,"AAAAAGf+92o=",0) -> #REF! | DD6: =AND(#REF!,"AAAAAGf+92s=") -> #REF! | DE6: =AND(#REF!,"AAAAAGf+92w=") -> #REF! | DF6: =AND(#REF!,"AAAAAGf+920=") -> #REF! | DG6: =AND(#REF!,"AAAAAGf+924=") -> #REF! | DH6: =AND(#REF!,"AAAAAGf+928=") -> #REF! | DI6: =AND(#REF!,"AAAAAGf+93A=") -> #REF! | DJ6: =AND(#REF!,"AAAAAGf+93E=") -> #REF! | DK6: =AND(#REF!,"AAAAAGf+93I=") -> #REF! | DL6: =AND(#REF!,"AAAAAGf+93M=") -> #REF! | DM6: =AND(#REF!,"AAAAAGf+93Q=") -> #REF! | DN6: =AND(#REF!,"AAAAAGf+93U=") -> #REF! | DO6: =IF(#REF!,"AAAAAGf+93Y=",0) -> #REF! | DP6: =AND(#REF!,"AAAAAGf+93c=") -> #REF! | DQ6: =AND(#REF!,"AAAAAGf+93g=") -> #REF! | DR6: =AND(#REF!,"AAAAAGf+93k=") -> #REF! | DS6: =AND(#REF!,"AAAAAGf+93o=") -> #REF! | DT6: =AND(#REF!,"AAAAAGf+93s=") -> #REF! | DU6: =AND(#REF!,"AAAAAGf+93w=") -> #REF! | DV6: =AND(#REF!,"AAAAAGf+930=") -> #REF! | DW6: =AND(#REF!,"AAAAAGf+934=") -> #REF! | DX6: =AND(#REF!,"AAAAAGf+938=") -> #REF! | DY6: =AND(#REF!,"AAAAAGf+94A=") -> #REF! | DZ6: =AND(#REF!,"AAAAAGf+94E=") -> #REF! | EA6: =IF(#REF!,"AAAAAGf+94I=",0) -> #REF! | EB6: =AND(#REF!,"AAAAAGf+94M=") -> #REF! | EC6: =AND(#REF!,"AAAAAGf+94Q=") -> #REF! | ED6: =AND(#REF!,"AAAAAGf+94U=") -> #REF! | EE6: =AND(#REF!,"AAAAAGf+94Y=") -> #REF! | EF6: =AND(#REF!,"AAAAAGf+94c=") -> #REF! | EG6: =AND(#REF!,"AAAAAGf+94g=") -> #REF! | EH6: =AND(#REF!,"AAAAAGf+94k=") -> #REF! | EI6: =AND(#REF!,"AAAAAGf+94o=") -> #REF! | EJ6: =AND(#REF!,"AAAAAGf+94s=") -> #REF! | EK6: =AND(#REF!,"AAAAAGf+94w=") -> #REF! | EL6: =AND(#REF!,"AAAAAGf+940=") -> #REF! | EM6: =IF(#REF!,"AAAAAGf+944=",0) -> #REF! | EN6: =AND(#REF!,"AAAAAGf+948=") -> #REF! | EO6: =AND(#REF!,"AAAAAGf+95A=") -> #REF! | EP6: =AND(#REF!,"AAAAAGf+95E=") -> #REF! | EQ6: =AND(#REF!,"AAAAAGf+95I=") -> #REF! | ER6: =AND(#REF!,"AAAAAGf+95M=") -> #REF! | ES6: =AND(#REF!,"AAAAAGf+95Q=") -> #REF! | ET6: =AND(#REF!,"AAAAAGf+95U=") -> #REF! | EU6: =AND(#REF!,"AAAAAGf+95Y=") -> #REF! | EV6: =AND(#REF!,"AAAAAGf+95c=") -> #REF! | EW6: =AND(#REF!,"AAAAAGf+95g=") -> #REF! | EX6: =AND(#REF!,"AAAAAGf+95k=") -> #REF! | EY6: =IF(#REF!,"AAAAAGf+95o=",0) -> #REF! | EZ6: =AND(#REF!,"AAAAAGf+95s=") -> #REF! | FA6: =AND(#REF!,"AAAAAGf+95w=") -> #REF! | FB6: =AND(#REF!,"AAAAAGf+950=") -> #REF! | FC6: =AND(#REF!,"AAAAAGf+954=") -> #REF! | FD6: =AND(#REF!,"AAAAAGf+958=") -> #REF! | FE6: =AND(#REF!,"AAAAAGf+96A=") -> #REF! | FF6: =AND(#REF!,"AAAAAGf+96E=") -> #REF! | FG6: =AND(#REF!,"AAAAAGf+96I=") -> #REF! | FH6: =AND(#REF!,"AAAAAGf+96M=") -> #REF! | FI6: =AND(#REF!,"AAAAAGf+96Q=") -> #REF! | FJ6: =AND(#REF!,"AAAAAGf+96U=") -> #REF! | FK6: =IF(#REF!,"AAAAAGf+96Y=",0) -> #REF! | FL6: =AND(#REF!,"AAAAAGf+96c=") -> #REF! | FM6: =AND(#REF!,"AAAAAGf+96g=") -> #REF! | FN6: =AND(#REF!,"AAAAAGf+96k=") -> #REF! | FO6: =AND(#REF!,"AAAAAGf+96o=") -> #REF! | FP6: =AND(#REF!,"AAAAAGf+96s=") -> #REF! | FQ6: =AND(#REF!,"AAAAAGf+96w=") -> #REF! | FR6: =AND(#REF!,"AAAAAGf+960=") -> #REF! | FS6: =AND(#REF!,"AAAAAGf+964=") -> #REF! | FT6: =AND(#REF!,"AAAAAGf+968=") -> #REF! | FU6: =AND(#REF!,"AAAAAGf+97A=") -> #REF! | FV6: =AND(#REF!,"AAAAAGf+97E=") -> #REF! | FW6: =IF(#REF!,"AAAAAGf+97I=",0) -> #REF! | FX6: =AND(#REF!,"AAAAAGf+97M=") -> #REF! | FY6: =AND(#REF!,"AAAAAGf+97Q=") -> #REF! | FZ6: =AND(#REF!,"AAAAAGf+97U=") -> #REF! | GA6: =AND(#REF!,"AAAAAGf+97Y=") -> #REF! | GB6: =AND(#REF!,"AAAAAGf+97c=") -> #REF! | GC6: =AND(#REF!,"AAAAAGf+97g=") -> #REF! | GD6: =AND(#REF!,"AAAAAGf+97k=") -> #REF! | GE6: =AND(#REF!,"AAAAAGf+97o=") -> #REF! | GF6: =AND(#REF!,"AAAAAGf+97s=") -> #REF! | GG6: =AND(#REF!,"AAAAAGf+97w=") -> #REF! | GH6: =AND(#REF!,"AAAAAGf+970=") -> #REF! | GI6: =IF(#REF!,"AAAAAGf+974=",0) -> #REF! | GJ6: =AND(#REF!,"AAAAAGf+978=") -> #REF! | GK6: =AND(#REF!,"AAAAAGf+98A=") -> #REF! | GL6: =AND(#REF!,"AAAAAGf+98E=") -> #REF! | GM6: =AND(#REF!,"AAAAAGf+98I=") -> #REF! | GN6: =AND(#REF!,"AAAAAGf+98M=") -> #REF! | GO6: =AND(#REF!,"AAAAAGf+98Q=") -> #REF! | GP6: =AND(#REF!,"AAAAAGf+98U=") -> #REF! | GQ6: =AND(#REF!,"AAAAAGf+98Y=") -> #REF! | GR6: =AND(#REF!,"AAAAAGf+98c=") -> #REF! | GS6: =AND(#REF!,"AAAAAGf+98g=") -> #REF! | GT6: =AND(#REF!,"AAAAAGf+98k=") -> #REF! | GU6: =IF(#REF!,"AAAAAGf+98o=",0) -> #REF! | GV6: =AND(#REF!,"AAAAAGf+98s=") -> #REF! | GW6: =AND(#REF!,"AAAAAGf+98w=") -> #REF! | GX6: =AND(#REF!,"AAAAAGf+980=") -> #REF! | GY6: =AND(#REF!,"AAAAAGf+984=") -> #REF! | GZ6: =AND(#REF!,"AAAAAGf+988=") -> #REF! | HA6: =AND(#REF!,"AAAAAGf+99A=") -> #REF! | HB6: =AND(#REF!,"AAAAAGf+99E=") -> #REF! | HC6: =AND(#REF!,"AAAAAGf+99I=") -> #REF! | HD6: =AND(#REF!,"AAAAAGf+99M=") -> #REF! | HE6: =AND(#REF!,"AAAAAGf+99Q=") -> #REF! | HF6: =AND(#REF!,"AAAAAGf+99U=") -> #REF! | HG6: =IF(#REF!,"AAAAAGf+99Y=",0) -> #REF! | HH6: =AND(#REF!,"AAAAAGf+99c=") -> #REF! | HI6: =AND(#REF!,"AAAAAGf+99g=") -> #REF! | HJ6: =AND(#REF!,"AAAAAGf+99k=") -> #REF! | HK6: =AND(#REF!,"AAAAAGf+99o=") -> #REF! | HL6: =AND(#REF!,"AAAAAGf+99s=") -> #REF! | HM6: =AND(#REF!,"AAAAAGf+99w=") -> #REF! | HN6: =AND(#REF!,"AAAAAGf+990=") -> #REF! | HO6: =AND(#REF!,"AAAAAGf+994=") -> #REF! | HP6: =AND(#REF!,"AAAAAGf+998=") -> #REF! | HQ6: =AND(#REF!,"AAAAAGf+9+A=") -> #REF! | HR6: =AND(#REF!,"AAAAAGf+9+E=") -> #REF! | HS6: =IF(#REF!,"AAAAAGf+9+I=",0) -> #REF! | HT6: =AND(#REF!,"AAAAAGf+9+M=") -> #REF! | HU6: =AND(#REF!,"AAAAAGf+9+Q=") -> #REF! | HV6: =AND(#REF!,"AAAAAGf+9+U=") -> #REF! | HW6: =AND(#REF!,"AAAAAGf+9+Y=") -> #REF! | HX6: =AND(#REF!,"AAAAAGf+9+c=") -> #REF! | HY6: =AND(#REF!,"AAAAAGf+9+g=") -> #REF! | HZ6: =AND(#REF!,"AAAAAGf+9+k=") -> #REF! | IA6: =AND(#REF!,"AAAAAGf+9+o=") -> #REF! | IB6: =AND(#REF!,"AAAAAGf+9+s=") -> #REF! | IC6: =AND(#REF!,"AAAAAGf+9+w=") -> #REF! | ID6: =AND(#REF!,"AAAAAGf+9+0=") -> #REF! | IE6: =IF(#REF!,"AAAAAGf+9+4=",0) -> #REF! | IF6: =AND(#REF!,"AAAAAGf+9+8=") -> #REF! | IG6: =AND(#REF!,"AAAAAGf+9/A=") -> #REF! | IH6: =AND(#REF!,"AAAAAGf+9/E=") -> #REF! | II6: =AND(#REF!,"AAAAAGf+9/I=") -> #REF! | IJ6: =AND(#REF!,"AAAAAGf+9/M=") -> #REF! | IK6: =AND(#REF!,"AAAAAGf+9/Q=") -> #REF! | IL6: =AND(#REF!,"AAAAAGf+9/U=") -> #REF! | IM6: =AND(#REF!,"AAAAAGf+9/Y=") -> #REF! | IN6: =AND(#REF!,"AAAAAGf+9/c=") -> #REF! | IO6: =AND(#REF!,"AAAAAGf+9/g=") -> #REF! | IP6: =AND(#REF!,"AAAAAGf+9/k=") -> #REF! | IQ6: =IF(#REF!,"AAAAAGf+9/o=",0) -> #REF! | IR6: =AND(#REF!,"AAAAAGf+9/s=") -> #REF! | IS6: =AND(#REF!,"AAAAAGf+9/w=") -> #REF! | IT6: =AND(#REF!,"AAAAAGf+9/0=") -> #REF! | IU6: =AND(#REF!,"AAAAAGf+9/4=") -> #REF! | IV6: =AND(#REF!,"AAAAAGf+9/8=") -> #REF!
A7: =AND(#REF!,"AAAAAFr/9gA=") -> #REF! | B7: =AND(#REF!,"AAAAAFr/9gE=") -> #REF! | C7: =AND(#REF!,"AAAAAFr/9gI=") -> #REF! | D7: =AND(#REF!,"AAAAAFr/9gM=") -> #REF! | E7: =AND(#REF!,"AAAAAFr/9gQ=") -> #REF! | F7: =AND(#REF!,"AAAAAFr/9gU=") -> #REF! | G7: =IF(#REF!,"AAAAAFr/9gY=",0) -> #REF! | H7: =AND(#REF!,"AAAAAFr/9gc=") -> #REF! | I7: =AND(#REF!,"AAAAAFr/9gg=") -> #REF! | J7: =AND(#REF!,"AAAAAFr/9gk=") -> #REF! | K7: =AND(#REF!,"AAAAAFr/9go=") -> #REF! | L7: =AND(#REF!,"AAAAAFr/9gs=") -> #REF! | M7: =AND(#REF!,"AAAAAFr/9gw=") -> #REF! | N7: =AND(#REF!,"AAAAAFr/9g0=") -> #REF! | O7: =AND(#REF!,"AAAAAFr/9g4=") -> #REF! | P7: =AND(#REF!,"AAAAAFr/9g8=") -> #REF! | Q7: =AND(#REF!,"AAAAAFr/9hA=") -> #REF! | R7: =AND(#REF!,"AAAAAFr/9hE=") -> #REF! | S7: =IF(#REF!,"AAAAAFr/9hI=",0) -> #REF! | T7: =AND(#REF!,"AAAAAFr/9hM=") -> #REF! | U7: =AND(#REF!,"AAAAAFr/9hQ=") -> #REF! | V7: =AND(#REF!,"AAAAAFr/9hU=") -> #REF! | W7: =AND(#REF!,"AAAAAFr/9hY=") -> #REF! | X7: =AND(#REF!,"AAAAAFr/9hc=") -> #REF! | Y7: =AND(#REF!,"AAAAAFr/9hg=") -> #REF! | Z7: =AND(#REF!,"AAAAAFr/9hk=") -> #REF! | AA7: =AND(#REF!,"AAAAAFr/9ho=") -> #REF! | AB7: =AND(#REF!,"AAAAAFr/9hs=") -> #REF! | AC7: =AND(#REF!,"AAAAAFr/9hw=") -> #REF! | AD7: =AND(#REF!,"AAAAAFr/9h0=") -> #REF! | AE7: =IF(#REF!,"AAAAAFr/9h4=",0) -> #REF! | AF7: =AND(#REF!,"AAAAAFr/9h8=") -> #REF! | AG7: =AND(#REF!,"AAAAAFr/9iA=") -> #REF! | AH7: =AND(#REF!,"AAAAAFr/9iE=") -> #REF! | AI7: =AND(#REF!,"AAAAAFr/9iI=") -> #REF! | AJ7: =AND(#REF!,"AAAAAFr/9iM=") -> #REF! | AK7: =AND(#REF!,"AAAAAFr/9iQ=") -> #REF! | AL7: =AND(#REF!,"AAAAAFr/9iU=") -> #REF! | AM7: =AND(#REF!,"AAAAAFr/9iY=") -> #REF! | AN7: =AND(#REF!,"AAAAAFr/9ic=") -> #REF! | AO7: =AND(#REF!,"AAAAAFr/9ig=") -> #REF! | AP7: =AND(#REF!,"AAAAAFr/9ik=") -> #REF! | AQ7: =IF(#REF!,"AAAAAFr/9io=",0) -> #REF! | AR7: =AND(#REF!,"AAAAAFr/9is=") -> #REF! | AS7: =AND(#REF!,"AAAAAFr/9iw=") -> #REF! | AT7: =AND(#REF!,"AAAAAFr/9i0=") -> #REF! | AU7: =AND(#REF!,"AAAAAFr/9i4=") -> #REF! | AV7: =AND(#REF!,"AAAAAFr/9i8=") -> #REF! | AW7: =AND(#REF!,"AAAAAFr/9jA=") -> #REF! | AX7: =AND(#REF!,"AAAAAFr/9jE=") -> #REF! | AY7: =AND(#REF!,"AAAAAFr/9jI=") -> #REF! | AZ7: =AND(#REF!,"AAAAAFr/9jM=") -> #REF! | BA7: =AND(#REF!,"AAAAAFr/9jQ=") -> #REF! | BB7: =AND(#REF!,"AAAAAFr/9jU=") -> #REF! | BC7: =IF(#REF!,"AAAAAFr/9jY=",0) -> #REF! | BD7: =AND(#REF!,"AAAAAFr/9jc=") -> #REF! | BE7: =AND(#REF!,"AAAAAFr/9jg=") -> #REF! | BF7: =AND(#REF!,"AAAAAFr/9jk=") -> #REF! | BG7: =AND(#REF!,"AAAAAFr/9jo=") -> #REF! | BH7: =AND(#REF!,"AAAAAFr/9js=") -> #REF! | BI7: =AND(#REF!,"AAAAAFr/9jw=") -> #REF! | BJ7: =AND(#REF!,"AAAAAFr/9j0=") -> #REF! | BK7: =AND(#REF!,"AAAAAFr/9j4=") -> #REF! | BL7: =AND(#REF!,"AAAAAFr/9j8=") -> #REF! | BM7: =AND(#REF!,"AAAAAFr/9kA=") -> #REF! | BN7: =AND(#REF!,"AAAAAFr/9kE=") -> #REF! | BO7: =IF(#REF!,"AAAAAFr/9kI=",0) -> #REF! | BP7: =AND(#REF!,"AAAAAFr/9kM=") -> #REF! | BQ7: =AND(#REF!,"AAAAAFr/9kQ=") -> #REF! | BR7: =AND(#REF!,"AAAAAFr/9kU=") -> #REF! | BS7: =AND(#REF!,"AAAAAFr/9kY=") -> #REF! | BT7: =AND(#REF!,"AAAAAFr/9kc=") -> #REF! | BU7: =AND(#REF!,"AAAAAFr/9kg=") -> #REF! | BV7: =AND(#REF!,"AAAAAFr/9kk=") -> #REF! | BW7: =AND(#REF!,"AAAAAFr/9ko=") -> #REF! | BX7: =AND(#REF!,"AAAAAFr/9ks=") -> #REF! | BY7: =AND(#REF!,"AAAAAFr/9kw=") -> #REF! | BZ7: =AND(#REF!,"AAAAAFr/9k0=") -> #REF! | CA7: =IF(#REF!,"AAAAAFr/9k4=",0) -> #REF! | CB7: =AND(#REF!,"AAAAAFr/9k8=") -> #REF! | CC7: =AND(#REF!,"AAAAAFr/9lA=") -> #REF! | CD7: =AND(#REF!,"AAAAAFr/9lE=") -> #REF! | CE7: =AND(#REF!,"AAAAAFr/9lI=") -> #REF! | CF7: =AND(#REF!,"AAAAAFr/9lM=") -> #REF! | CG7: =AND(#REF!,"AAAAAFr/9lQ=") -> #REF! | CH7: =AND(#REF!,"AAAAAFr/9lU=") -> #REF! | CI7: =AND(#REF!,"AAAAAFr/9lY=") -> #REF! | CJ7: =AND(#REF!,"AAAAAFr/9lc=") -> #REF! | CK7: =AND(#REF!,"AAAAAFr/9lg=") -> #REF! | CL7: =AND(#REF!,"AAAAAFr/9lk=") -> #REF! | CM7: =IF(#REF!,"AAAAAFr/9lo=",0) -> #REF! | CN7: =AND(#REF!,"AAAAAFr/9ls=") -> #REF! | CO7: =AND(#REF!,"AAAAAFr/9lw=") -> #REF! | CP7: =AND(#REF!,"AAAAAFr/9l0=") -> #REF! | CQ7: =AND(#REF!,"AAAAAFr/9l4=") -> #REF! | CR7: =AND(#REF!,"AAAAAFr/9l8=") -> #REF! | CS7: =AND(#REF!,"AAAAAFr/9mA=") -> #REF! | CT7: =AND(#REF!,"AAAAAFr/9mE=") -> #REF! | CU7: =AND(#REF!,"AAAAAFr/9mI=") -> #REF! | CV7: =AND(#REF!,"AAAAAFr/9mM=") -> #REF! | CW7: =AND(#REF!,"AAAAAFr/9mQ=") -> #REF! | CX7: =AND(#REF!,"AAAAAFr/9mU=") -> #REF! | CY7: =IF(#REF!,"AAAAAFr/9mY=",0) -> #REF! | CZ7: =AND(#REF!,"AAAAAFr/9mc=") -> #REF! | DA7: =AND(#REF!,"AAAAAFr/9mg=") -> #REF! | DB7: =AND(#REF!,"AAAAAFr/9mk=") -> #REF! | DC7: =AND(#REF!,"AAAAAFr/9mo=") -> #REF! | DD7: =AND(#REF!,"AAAAAFr/9ms=") -> #REF! | DE7: =AND(#REF!,"AAAAAFr/9mw=") -> #REF! | DF7: =AND(#REF!,"AAAAAFr/9m0=") -> #REF! | DG7: =AND(#REF!,"AAAAAFr/9m4=") -> #REF! | DH7: =AND(#REF!,"AAAAAFr/9m8=") -> #REF! | DI7: =AND(#REF!,"AAAAAFr/9nA=") -> #REF! | DJ7: =AND(#REF!,"AAAAAFr/9nE=") -> #REF! | DK7: =IF(#REF!,"AAAAAFr/9nI=",0) -> #REF! | DL7: =AND(#REF!,"AAAAAFr/9nM=") -> #REF! | DM7: =AND(#REF!,"AAAAAFr/9nQ=") -> #REF! | DN7: =AND(#REF!,"AAAAAFr/9nU=") -> #REF! | DO7: =AND(#REF!,"AAAAAFr/9nY=") -> #REF! | DP7: =AND(#REF!,"AAAAAFr/9nc=") -> #REF! | DQ7: =AND(#REF!,"AAAAAFr/9ng=") -> #REF! | DR7: =AND(#REF!,"AAAAAFr/9nk=") -> #REF! | DS7: =AND(#REF!,"AAAAAFr/9no=") -> #REF! | DT7: =AND(#REF!,"AAAAAFr/9ns=") -> #REF! | DU7: =AND(#REF!,"AAAAAFr/9nw=") -> #REF! | DV7: =AND(#REF!,"AAAAAFr/9n0=") -> #REF! | DW7: =IF(#REF!,"AAAAAFr/9n4=",0) -> #REF! | DX7: =AND(#REF!,"AAAAAFr/9n8=") -> #REF! | DY7: =AND(#REF!,"AAAAAFr/9oA=") -> #REF! | DZ7: =AND(#REF!,"AAAAAFr/9oE=") -> #REF! | EA7: =AND(#REF!,"AAAAAFr/9oI=") -> #REF! | EB7: =AND(#REF!,"AAAAAFr/9oM=") -> #REF! | EC7: =AND(#REF!,"AAAAAFr/9oQ=") -> #REF! | ED7: =AND(#REF!,"AAAAAFr/9oU=") -> #REF! | EE7: =AND(#REF!,"AAAAAFr/9oY=") -> #REF! | EF7: =AND(#REF!,"AAAAAFr/9oc=") -> #REF! | EG7: =AND(#REF!,"AAAAAFr/9og=") -> #REF! | EH7: =AND(#REF!,"AAAAAFr/9ok=") -> #REF! | EI7: =IF(#REF!,"AAAAAFr/9oo=",0) -> #REF! | EJ7: =AND(#REF!,"AAAAAFr/9os=") -> #REF! | EK7: =AND(#REF!,"AAAAAFr/9ow=") -> #REF! | EL7: =AND(#REF!,"AAAAAFr/9o0=") -> #REF! | EM7: =AND(#REF!,"AAAAAFr/9o4=") -> #REF! | EN7: =AND(#REF!,"AAAAAFr/9o8=") -> #REF! | EO7: =AND(#REF!,"AAAAAFr/9pA=") -> #REF! | EP7: =AND(#REF!,"AAAAAFr/9pE=") -> #REF! | EQ7: =AND(#REF!,"AAAAAFr/9pI=") -> #REF! | ER7: =AND(#REF!,"AAAAAFr/9pM=") -> #REF! | ES7: =AND(#REF!,"AAAAAFr/9pQ=") -> #REF! | ET7: =AND(#REF!,"AAAAAFr/9pU=") -> #REF! | EU7: =IF(#REF!,"AAAAAFr/9pY=",0) -> #REF! | EV7: =AND(#REF!,"AAAAAFr/9pc=") -> #REF! | EW7: =AND(#REF!,"AAAAAFr/9pg=") -> #REF! | EX7: =AND(#REF!,"AAAAAFr/9pk=") -> #REF! | EY7: =AND(#REF!,"AAAAAFr/9po=") -> #REF! | EZ7: =AND(#REF!,"AAAAAFr/9ps=") -> #REF! | FA7: =AND(#REF!,"AAAAAFr/9pw=") -> #REF! | FB7: =AND(#REF!,"AAAAAFr/9p0=") -> #REF! | FC7: =AND(#REF!,"AAAAAFr/9p4=") -> #REF! | FD7: =AND(#REF!,"AAAAAFr/9p8=") -> #REF! | FE7: =AND(#REF!,"AAAAAFr/9qA=") -> #REF! | FF7: =AND(#REF!,"AAAAAFr/9qE=") -> #REF! | FG7: =IF(#REF!,"AAAAAFr/9qI=",0) -> #REF! | FH7: =AND(#REF!,"AAAAAFr/9qM=") -> #REF! | FI7: =AND(#REF!,"AAAAAFr/9qQ=") -> #REF! | FJ7: =AND(#REF!,"AAAAAFr/9qU=") -> #REF! | FK7: =AND(#REF!,"AAAAAFr/9qY=") -> #REF! | FL7: =AND(#REF!,"AAAAAFr/9qc=") -> #REF! | FM7: =AND(#REF!,"AAAAAFr/9qg=") -> #REF! | FN7: =AND(#REF!,"AAAAAFr/9qk=") -> #REF! | FO7: =AND(#REF!,"AAAAAFr/9qo=") -> #REF! | FP7: =AND(#REF!,"AAAAAFr/9qs=") -> #REF! | FQ7: =AND(#REF!,"AAAAAFr/9qw=") -> #REF! | FR7: =AND(#REF!,"AAAAAFr/9q0=") -> #REF! | FS7: =IF(#REF!,"AAAAAFr/9q4=",0) -> #REF! | FT7: =AND(#REF!,"AAAAAFr/9q8=") -> #REF! | FU7: =AND(#REF!,"AAAAAFr/9rA=") -> #REF! | FV7: =AND(#REF!,"AAAAAFr/9rE=") -> #REF! | FW7: =AND(#REF!,"AAAAAFr/9rI=") -> #REF! | FX7: =AND(#REF!,"AAAAAFr/9rM=") -> #REF! | FY7: =AND(#REF!,"AAAAAFr/9rQ=") -> #REF! | FZ7: =AND(#REF!,"AAAAAFr/9rU=") -> #REF! | GA7: =AND(#REF!,"AAAAAFr/9rY=") -> #REF! | GB7: =AND(#REF!,"AAAAAFr/9rc=") -> #REF! | GC7: =AND(#REF!,"AAAAAFr/9rg=") -> #REF! | GD7: =AND(#REF!,"AAAAAFr/9rk=") -> #REF! | GE7: =IF(#REF!,"AAAAAFr/9ro=",0) -> #REF! | GF7: =AND(#REF!,"AAAAAFr/9rs=") -> #REF! | GG7: =AND(#REF!,"AAAAAFr/9rw=") -> #REF! | GH7: =AND(#REF!,"AAAAAFr/9r0=") -> #REF! | GI7: =AND(#REF!,"AAAAAFr/9r4=") -> #REF! | GJ7: =AND(#REF!,"AAAAAFr/9r8=") -> #REF! | GK7: =AND(#REF!,"AAAAAFr/9sA=") -> #REF! | GL7: =AND(#REF!,"AAAAAFr/9sE=") -> #REF! | GM7: =AND(#REF!,"AAAAAFr/9sI=") -> #REF! | GN7: =AND(#REF!,"AAAAAFr/9sM=") -> #REF! | GO7: =AND(#REF!,"AAAAAFr/9sQ=") -> #REF! | GP7: =AND(#REF!,"AAAAAFr/9sU=") -> #REF! | GQ7: =IF(#REF!,"AAAAAFr/9sY=",0) -> #REF! | GR7: =AND(#REF!,"AAAAAFr/9sc=") -> #REF! | GS7: =AND(#REF!,"AAAAAFr/9sg=") -> #REF! | GT7: =AND(#REF!,"AAAAAFr/9sk=") -> #REF! | GU7: =AND(#REF!,"AAAAAFr/9so=") -> #REF! | GV7: =AND(#REF!,"AAAAAFr/9ss=") -> #REF! | GW7: =AND(#REF!,"AAAAAFr/9sw=") -> #REF! | GX7: =AND(#REF!,"AAAAAFr/9s0=") -> #REF! | GY7: =AND(#REF!,"AAAAAFr/9s4=") -> #REF! | GZ7: =AND(#REF!,"AAAAAFr/9s8=") -> #REF! | HA7: =AND(#REF!,"AAAAAFr/9tA=") -> #REF! | HB7: =AND(#REF!,"AAAAAFr/9tE=") -> #REF! | HC7: =IF(#REF!,"AAAAAFr/9tI=",0) -> #REF! | HD7: =AND(#REF!,"AAAAAFr/9tM=") -> #REF! | HE7: =AND(#REF!,"AAAAAFr/9tQ=") -> #REF! | HF7: =AND(#REF!,"AAAAAFr/9tU=") -> #REF! | HG7: =AND(#REF!,"AAAAAFr/9tY=") -> #REF! | HH7: =AND(#REF!,"AAAAAFr/9tc=") -> #REF! | HI7: =AND(#REF!,"AAAAAFr/9tg=") -> #REF! | HJ7: =AND(#REF!,"AAAAAFr/9tk=") -> #REF! | HK7: =AND(#REF!,"AAAAAFr/9to=") -> #REF! | HL7: =AND(#REF!,"AAAAAFr/9ts=") -> #REF! | HM7: =AND(#REF!,"AAAAAFr/9tw=") -> #REF! | HN7: =AND(#REF!,"AAAAAFr/9t0=") -> #REF! | HO7: =IF(#REF!,"AAAAAFr/9t4=",0) -> #REF! | HP7: =AND(#REF!,"AAAAAFr/9t8=") -> #REF! | HQ7: =AND(#REF!,"AAAAAFr/9uA=") -> #REF! | HR7: =AND(#REF!,"AAAAAFr/9uE=") -> #REF! | HS7: =AND(#REF!,"AAAAAFr/9uI=") -> #REF! | HT7: =AND(#REF!,"AAAAAFr/9uM=") -> #REF! | HU7: =AND(#REF!,"AAAAAFr/9uQ=") -> #REF! | HV7: =AND(#REF!,"AAAAAFr/9uU=") -> #REF! | HW7: =AND(#REF!,"AAAAAFr/9uY=") -> #REF! | HX7: =AND(#REF!,"AAAAAFr/9uc=") -> #REF! | HY7: =AND(#REF!,"AAAAAFr/9ug=") -> #REF! | HZ7: =AND(#REF!,"AAAAAFr/9uk=") -> #REF! | IA7: =IF(#REF!,"AAAAAFr/9uo=",0) -> #REF! | IB7: =AND(#REF!,"AAAAAFr/9us=") -> #REF! | IC7: =AND(#REF!,"AAAAAFr/9uw=") -> #REF! | ID7: =AND(#REF!,"AAAAAFr/9u0=") -> #REF! | IE7: =AND(#REF!,"AAAAAFr/9u4=") -> #REF! | IF7: =AND(#REF!,"AAAAAFr/9u8=") -> #REF! | IG7: =AND(#REF!,"AAAAAFr/9vA=") -> #REF! | IH7: =AND(#REF!,"AAAAAFr/9vE=") -> #REF! | II7: =AND(#REF!,"AAAAAFr/9vI=") -> #REF! | IJ7: =AND(#REF!,"AAAAAFr/9vM=") -> #REF! | IK7: =AND(#REF!,"AAAAAFr/9vQ=") -> #REF! | IL7: =AND(#REF!,"AAAAAFr/9vU=") -> #REF! | IM7: =IF(#REF!,"AAAAAFr/9vY=",0) -> #REF! | IN7: =AND(#REF!,"AAAAAFr/9vc=") -> #REF! | IO7: =AND(#REF!,"AAAAAFr/9vg=") -> #REF! | IP7: =AND(#REF!,"AAAAAFr/9vk=") -> #REF! | IQ7: =AND(#REF!,"AAAAAFr/9vo=") -> #REF! | IR7: =AND(#REF!,"AAAAAFr/9vs=") -> #REF! | IS7: =AND(#REF!,"AAAAAFr/9vw=") -> #REF! | IT7: =AND(#REF!,"AAAAAFr/9v0=") -> #REF! | IU7: =AND(#REF!,"AAAAAFr/9v4=") -> #REF! | IV7: =AND(#REF!,"AAAAAFr/9v8=") -> #REF!
A8: =AND(#REF!,"AAAAAFqffQA=") -> #REF! | B8: =AND(#REF!,"AAAAAFqffQE=") -> #REF! | C8: =IF(#REF!,"AAAAAFqffQI=",0) -> #REF! | D8: =AND(#REF!,"AAAAAFqffQM=") -> #REF! | E8: =AND(#REF!,"AAAAAFqffQQ=") -> #REF! | F8: =AND(#REF!,"AAAAAFqffQU=") -> #REF! | G8: =AND(#REF!,"AAAAAFqffQY=") -> #REF! | H8: =AND(#REF!,"AAAAAFqffQc=") -> #REF! | I8: =AND(#REF!,"AAAAAFqffQg=") -> #REF! | J8: =AND(#REF!,"AAAAAFqffQk=") -> #REF! | K8: =AND(#REF!,"AAAAAFqffQo=") -> #REF! | L8: =AND(#REF!,"AAAAAFqffQs=") -> #REF! | M8: =AND(#REF!,"AAAAAFqffQw=") -> #REF! | N8: =AND(#REF!,"AAAAAFqffQ0=") -> #REF! | O8: =IF(#REF!,"AAAAAFqffQ4=",0) -> #REF! | P8: =AND(#REF!,"AAAAAFqffQ8=") -> #REF! | Q8: =AND(#REF!,"AAAAAFqffRA=") -> #REF! | R8: =AND(#REF!,"AAAAAFqffRE=") -> #REF! | S8: =AND(#REF!,"AAAAAFqffRI=") -> #REF! | T8: =AND(#REF!,"AAAAAFqffRM=") -> #REF! | U8: =AND(#REF!,"AAAAAFqffRQ=") -> #REF! | V8: =AND(#REF!,"AAAAAFqffRU=") -> #REF! | W8: =AND(#REF!,"AAAAAFqffRY=") -> #REF! | X8: =AND(#REF!,"AAAAAFqffRc=") -> #REF! | Y8: =AND(#REF!,"AAAAAFqffRg=") -> #REF! | Z8: =AND(#REF!,"AAAAAFqffRk=") -> #REF! | AA8: =IF(#REF!,"AAAAAFqffRo=",0) -> #REF! | AB8: =AND(#REF!,"AAAAAFqffRs=") -> #REF! | AC8: =AND(#REF!,"AAAAAFqffRw=") -> #REF! | AD8: =AND(#REF!,"AAAAAFqffR0=") -> #REF! | AE8: =AND(#REF!,"AAAAAFqffR4=") -> #REF! | AF8: =AND(#REF!,"AAAAAFqffR8=") -> #REF! | AG8: =AND(#REF!,"AAAAAFqffSA=") -> #REF! | AH8: =AND(#REF!,"AAAAAFqffSE=") -> #REF! | AI8: =AND(#REF!,"AAAAAFqffSI=") -> #REF! | AJ8: =AND(#REF!,"AAAAAFqffSM=") -> #REF! | AK8: =AND(#REF!,"AAAAAFqffSQ=") -> #REF! | AL8: =AND(#REF!,"AAAAAFqffSU=") -> #REF! | AM8: =IF(#REF!,"AAAAAFqffSY=",0) -> #REF! | AN8: =AND(#REF!,"AAAAAFqffSc=") -> #REF! | AO8: =AND(#REF!,"AAAAAFqffSg=") -> #REF! | AP8: =AND(#REF!,"AAAAAFqffSk=") -> #REF! | AQ8: =AND(#REF!,"AAAAAFqffSo=") -> #REF! | AR8: =AND(#REF!,"AAAAAFqffSs=") -> #REF! | AS8: =AND(#REF!,"AAAAAFqffSw=") -> #REF! | AT8: =AND(#REF!,"AAAAAFqffS0=") -> #REF! | AU8: =AND(#REF!,"AAAAAFqffS4=") -> #REF! | AV8: =AND(#REF!,"AAAAAFqffS8=") -> #REF! | AW8: =AND(#REF!,"AAAAAFqffTA=") -> #REF! | AX8: =AND(#REF!,"AAAAAFqffTE=") -> #REF! | AY8: =IF(#REF!,"AAAAAFqffTI=",0) -> #REF! | AZ8: =AND(#REF!,"AAAAAFqffTM=") -> #REF! | BA8: =AND(#REF!,"AAAAAFqffTQ=") -> #REF! | BB8: =AND(#REF!,"AAAAAFqffTU=") -> #REF! | BC8: =AND(#REF!,"AAAAAFqffTY=") -> #REF! | BD8: =AND(#REF!,"AAAAAFqffTc=") -> #REF! | BE8: =AND(#REF!,"AAAAAFqffTg=") -> #REF! | BF8: =AND(#REF!,"AAAAAFqffTk=") -> #REF! | BG8: =AND(#REF!,"AAAAAFqffTo=") -> #REF! | BH8: =AND(#REF!,"AAAAAFqffTs=") -> #REF! | BI8: =AND(#REF!,"AAAAAFqffTw=") -> #REF! | BJ8: =AND(#REF!,"AAAAAFqffT0=") -> #REF! | BK8: =IF(#REF!,"AAAAAFqffT4=",0) -> #REF! | BL8: =AND(#REF!,"AAAAAFqffT8=") -> #REF! | BM8: =AND(#REF!,"AAAAAFqffUA=") -> #REF! | BN8: =AND(#REF!,"AAAAAFqffUE=") -> #REF! | BO8: =AND(#REF!,"AAAAAFqffUI=") -> #REF! | BP8: =AND(#REF!,"AAAAAFqffUM=") -> #REF! | BQ8: =AND(#REF!,"AAAAAFqffUQ=") -> #REF! | BR8: =AND(#REF!,"AAAAAFqffUU=") -> #REF! | BS8: =AND(#REF!,"AAAAAFqffUY=") -> #REF! | BT8: =AND(#REF!,"AAAAAFqffUc=") -> #REF! | BU8: =AND(#REF!,"AAAAAFqffUg=") -> #REF! | BV8: =AND(#REF!,"AAAAAFqffUk=") -> #REF! | BW8: =IF(#REF!,"AAAAAFqffUo=",0) -> #REF! | BX8: =AND(#REF!,"AAAAAFqffUs=") -> #REF! | BY8: =AND(#REF!,"AAAAAFqffUw=") -> #REF! | BZ8: =AND(#REF!,"AAAAAFqffU0=") -> #REF! | CA8: =AND(#REF!,"AAAAAFqffU4=") -> #REF! | CB8: =AND(#REF!,"AAAAAFqffU8=") -> #REF! | CC8: =AND(#REF!,"AAAAAFqffVA=") -> #REF! | CD8: =AND(#REF!,"AAAAAFqffVE=") -> #REF! | CE8: =AND(#REF!,"AAAAAFqffVI=") -> #REF! | CF8: =AND(#REF!,"AAAAAFqffVM=") -> #REF! | CG8: =AND(#REF!,"AAAAAFqffVQ=") -> #REF! | CH8: =AND(#REF!,"AAAAAFqffVU=") -> #REF! | CI8: =IF(#REF!,"AAAAAFqffVY=",0) -> #REF! | CJ8: =AND(#REF!,"AAAAAFqffVc=") -> #REF! | CK8: =AND(#REF!,"AAAAAFqffVg=") -> #REF! | CL8: =AND(#REF!,"AAAAAFqffVk=") -> #REF! | CM8: =AND(#REF!,"AAAAAFqffVo=") -> #REF! | CN8: =AND(#REF!,"AAAAAFqffVs=") -> #REF! | CO8: =AND(#REF!,"AAAAAFqffVw=") -> #REF! | CP8: =AND(#REF!,"AAAAAFqffV0=") -> #REF! | CQ8: =AND(#REF!,"AAAAAFqffV4=") -> #REF! | CR8: =AND(#REF!,"AAAAAFqffV8=") -> #REF! | CS8: =AND(#REF!,"AAAAAFqffWA=") -> #REF! | CT8: =AND(#REF!,"AAAAAFqffWE=") -> #REF! | CU8: =IF(#REF!,"AAAAAFqffWI=",0) -> #REF! | CV8: =AND(#REF!,"AAAAAFqffWM=") -> #REF! | CW8: =AND(#REF!,"AAAAAFqffWQ=") -> #REF! | CX8: =AND(#REF!,"AAAAAFqffWU=") -> #REF! | CY8: =AND(#REF!,"AAAAAFqffWY=") -> #REF! | CZ8: =AND(#REF!,"AAAAAFqffWc=") -> #REF! | DA8: =AND(#REF!,"AAAAAFqffWg=") -> #REF! | DB8: =AND(#REF!,"AAAAAFqffWk=") -> #REF! | DC8: =AND(#REF!,"AAAAAFqffWo=") -> #REF! | DD8: =AND(#REF!,"AAAAAFqffWs=") -> #REF! | DE8: =AND(#REF!,"AAAAAFqffWw=") -> #REF! | DF8: =AND(#REF!,"AAAAAFqffW0=") -> #REF! | DG8: =IF(#REF!,"AAAAAFqffW4=",0) -> #REF! | DH8: =AND(#REF!,"AAAAAFqffW8=") -> #REF! | DI8: =AND(#REF!,"AAAAAFqffXA=") -> #REF! | DJ8: =AND(#REF!,"AAAAAFqffXE=") -> #REF! | DK8: =AND(#REF!,"AAAAAFqffXI=") -> #REF! | DL8: =AND(#REF!,"AAAAAFqffXM=") -> #REF! | DM8: =AND(#REF!,"AAAAAFqffXQ=") -> #REF! | DN8: =AND(#REF!,"AAAAAFqffXU=") -> #REF! | DO8: =AND(#REF!,"AAAAAFqffXY=") -> #REF! | DP8: =AND(#REF!,"AAAAAFqffXc=") -> #REF! | DQ8: =AND(#REF!,"AAAAAFqffXg=") -> #REF! | DR8: =AND(#REF!,"AAAAAFqffXk=") -> #REF! | DS8: =IF(#REF!,"AAAAAFqffXo=",0) -> #REF! | DT8: =AND(#REF!,"AAAAAFqffXs=") -> #REF! | DU8: =AND(#REF!,"AAAAAFqffXw=") -> #REF! | DV8: =AND(#REF!,"AAAAAFqffX0=") -> #REF! | DW8: =AND(#REF!,"AAAAAFqffX4=") -> #REF! | DX8: =AND(#REF!,"AAAAAFqffX8=") -> #REF! | DY8: =AND(#REF!,"AAAAAFqffYA=") -> #REF! | DZ8: =AND(#REF!,"AAAAAFqffYE=") -> #REF! | EA8: =AND(#REF!,"AAAAAFqffYI=") -> #REF! | EB8: =AND(#REF!,"AAAAAFqffYM=") -> #REF! | EC8: =AND(#REF!,"AAAAAFqffYQ=") -> #REF! | ED8: =AND(#REF!,"AAAAAFqffYU=") -> #REF! | EE8: =IF(#REF!,"AAAAAFqffYY=",0) -> #REF! | EF8: =AND(#REF!,"AAAAAFqffYc=") -> #REF! | EG8: =AND(#REF!,"AAAAAFqffYg=") -> #REF! | EH8: =AND(#REF!,"AAAAAFqffYk=") -> #REF! | EI8: =AND(#REF!,"AAAAAFqffYo=") -> #REF! | EJ8: =AND(#REF!,"AAAAAFqffYs=") -> #REF! | EK8: =AND(#REF!,"AAAAAFqffYw=") -> #REF! | EL8: =AND(#REF!,"AAAAAFqffY0=") -> #REF! | EM8: =AND(#REF!,"AAAAAFqffY4=") -> #REF! | EN8: =AND(#REF!,"AAAAAFqffY8=") -> #REF! | EO8: =AND(#REF!,"AAAAAFqffZA=") -> #REF! | EP8: =AND(#REF!,"AAAAAFqffZE=") -> #REF! | EQ8: =IF(#REF!,"AAAAAFqffZI=",0) -> #REF! | ER8: =AND(#REF!,"AAAAAFqffZM=") -> #REF! | ES8: =AND(#REF!,"AAAAAFqffZQ=") -> #REF! | ET8: =AND(#REF!,"AAAAAFqffZU=") -> #REF! | EU8: =AND(#REF!,"AAAAAFqffZY=") -> #REF! | EV8: =AND(#REF!,"AAAAAFqffZc=") -> #REF! | EW8: =AND(#REF!,"AAAAAFqffZg=") -> #REF! | EX8: =AND(#REF!,"AAAAAFqffZk=") -> #REF! | EY8: =AND(#REF!,"AAAAAFqffZo=") -> #REF! | EZ8: =AND(#REF!,"AAAAAFqffZs=") -> #REF! | FA8: =AND(#REF!,"AAAAAFqffZw=") -> #REF! | FB8: =AND(#REF!,"AAAAAFqffZ0=") -> #REF! | FC8: =IF(#REF!,"AAAAAFqffZ4=",0) -> #REF! | FD8: =AND(#REF!,"AAAAAFqffZ8=") -> #REF! | FE8: =AND(#REF!,"AAAAAFqffaA=") -> #REF! | FF8: =AND(#REF!,"AAAAAFqffaE=") -> #REF! | FG8: =AND(#REF!,"AAAAAFqffaI=") -> #REF! | FH8: =AND(#REF!,"AAAAAFqffaM=") -> #REF! | FI8: =AND(#REF!,"AAAAAFqffaQ=") -> #REF! | FJ8: =AND(#REF!,"AAAAAFqffaU=") -> #REF! | FK8: =AND(#REF!,"AAAAAFqffaY=") -> #REF! | FL8: =AND(#REF!,"AAAAAFqffac=") -> #REF! | FM8: =AND(#REF!,"AAAAAFqffag=") -> #REF! | FN8: =AND(#REF!,"AAAAAFqffak=") -> #REF! | FO8: =IF(#REF!,"AAAAAFqffao=",0) -> #REF! | FP8: =AND(#REF!,"AAAAAFqffas=") -> #REF! | FQ8: =AND(#REF!,"AAAAAFqffaw=") -> #REF! | FR8: =AND(#REF!,"AAAAAFqffa0=") -> #REF! | FS8: =AND(#REF!,"AAAAAFqffa4=") -> #REF! | FT8: =AND(#REF!,"AAAAAFqffa8=") -> #REF! | FU8: =AND(#REF!,"AAAAAFqffbA=") -> #REF! | FV8: =AND(#REF!,"AAAAAFqffbE=") -> #REF! | FW8: =AND(#REF!,"AAAAAFqffbI=") -> #REF! | FX8: =AND(#REF!,"AAAAAFqffbM=") -> #REF! | FY8: =AND(#REF!,"AAAAAFqffbQ=") -> #REF! | FZ8: =AND(#REF!,"AAAAAFqffbU=") -> #REF! | GA8: =IF(#REF!,"AAAAAFqffbY=",0) -> #REF! | GB8: =AND(#REF!,"AAAAAFqffbc=") -> #REF! | GC8: =AND(#REF!,"AAAAAFqffbg=") -> #REF! | GD8: =AND(#REF!,"AAAAAFqffbk=") -> #REF! | GE8: =AND(#REF!,"AAAAAFqffbo=") -> #REF! | GF8: =AND(#REF!,"AAAAAFqffbs=") -> #REF! | GG8: =AND(#REF!,"AAAAAFqffbw=") -> #REF! | GH8: =AND(#REF!,"AAAAAFqffb0=") -> #REF! | GI8: =AND(#REF!,"AAAAAFqffb4=") -> #REF! | GJ8: =AND(#REF!,"AAAAAFqffb8=") -> #REF! | GK8: =AND(#REF!,"AAAAAFqffcA=") -> #REF! | GL8: =AND(#REF!,"AAAAAFqffcE=") -> #REF! | GM8: =IF(#REF!,"AAAAAFqffcI=",0) -> #REF! | GN8: =AND(#REF!,"AAAAAFqffcM=") -> #REF! | GO8: =AND(#REF!,"AAAAAFqffcQ=") -> #REF! | GP8: =AND(#REF!,"AAAAAFqffcU=") -> #REF! | GQ8: =AND(#REF!,"AAAAAFqffcY=") -> #REF! | GR8: =AND(#REF!,"AAAAAFqffcc=") -> #REF! | GS8: =AND(#REF!,"AAAAAFqffcg=") -> #REF! | GT8: =AND(#REF!,"AAAAAFqffck=") -> #REF! | GU8: =AND(#REF!,"AAAAAFqffco=") -> #REF! | GV8: =AND(#REF!,"AAAAAFqffcs=") -> #REF! | GW8: =AND(#REF!,"AAAAAFqffcw=") -> #REF! | GX8: =AND(#REF!,"AAAAAFqffc0=") -> #REF! | GY8: =IF(#REF!,"AAAAAFqffc4=",0) -> #REF! | GZ8: =AND(#REF!,"AAAAAFqffc8=") -> #REF! | HA8: =AND(#REF!,"AAAAAFqffdA=") -> #REF! | HB8: =AND(#REF!,"AAAAAFqffdE=") -> #REF! | HC8: =AND(#REF!,"AAAAAFqffdI=") -> #REF! | HD8: =AND(#REF!,"AAAAAFqffdM=") -> #REF! | HE8: =AND(#REF!,"AAAAAFqffdQ=") -> #REF! | HF8: =AND(#REF!,"AAAAAFqffdU=") -> #REF! | HG8: =AND(#REF!,"AAAAAFqffdY=") -> #REF! | HH8: =AND(#REF!,"AAAAAFqffdc=") -> #REF! | HI8: =AND(#REF!,"AAAAAFqffdg=") -> #REF! | HJ8: =AND(#REF!,"AAAAAFqffdk=") -> #REF! | HK8: =IF(#REF!,"AAAAAFqffdo=",0) -> #REF! | HL8: =AND(#REF!,"AAAAAFqffds=") -> #REF! | HM8: =AND(#REF!,"AAAAAFqffdw=") -> #REF! | HN8: =AND(#REF!,"AAAAAFqffd0=") -> #REF! | HO8: =AND(#REF!,"AAAAAFqffd4=") -> #REF! | HP8: =AND(#REF!,"AAAAAFqffd8=") -> #REF! | HQ8: =AND(#REF!,"AAAAAFqffeA=") -> #REF! | HR8: =AND(#REF!,"AAAAAFqffeE=") -> #REF! | HS8: =AND(#REF!,"AAAAAFqffeI=") -> #REF! | HT8: =AND(#REF!,"AAAAAFqffeM=") -> #REF! | HU8: =AND(#REF!,"AAAAAFqffeQ=") -> #REF! | HV8: =AND(#REF!,"AAAAAFqffeU=") -> #REF! | HW8: =IF(#REF!,"AAAAAFqffeY=",0) -> #REF! | HX8: =AND(#REF!,"AAAAAFqffec=") -> #REF! | HY8: =AND(#REF!,"AAAAAFqffeg=") -> #REF! | HZ8: =AND(#REF!,"AAAAAFqffek=") -> #REF! | IA8: =AND(#REF!,"AAAAAFqffeo=") -> #REF! | IB8: =AND(#REF!,"AAAAAFqffes=") -> #REF! | IC8: =AND(#REF!,"AAAAAFqffew=") -> #REF! | ID8: =AND(#REF!,"AAAAAFqffe0=") -> #REF! | IE8: =AND(#REF!,"AAAAAFqffe4=") -> #REF! | IF8: =AND(#REF!,"AAAAAFqffe8=") -> #REF! | IG8: =AND(#REF!,"AAAAAFqfffA=") -> #REF! | IH8: =AND(#REF!,"AAAAAFqfffE=") -> #REF! | II8: =IF(#REF!,"AAAAAFqfffI=",0) -> #REF! | IJ8: =AND(#REF!,"AAAAAFqfffM=") -> #REF! | IK8: =AND(#REF!,"AAAAAFqfffQ=") -> #REF! | IL8: =AND(#REF!,"AAAAAFqfffU=") -> #REF! | IM8: =AND(#REF!,"AAAAAFqfffY=") -> #REF! | IN8: =AND(#REF!,"AAAAAFqfffc=") -> #REF! | IO8: =AND(#REF!,"AAAAAFqfffg=") -> #REF! | IP8: =AND(#REF!,"AAAAAFqfffk=") -> #REF! | IQ8: =AND(#REF!,"AAAAAFqfffo=") -> #REF! | IR8: =AND(#REF!,"AAAAAFqfffs=") -> #REF! | IS8: =AND(#REF!,"AAAAAFqfffw=") -> #REF! | IT8: =AND(#REF!,"AAAAAFqfff0=") -> #REF! | IU8: =IF(#REF!,"AAAAAFqfff4=",0) -> #REF! | IV8: =AND(#REF!,"AAAAAFqfff8=") -> #REF!
A9: =AND(#REF!,"AAAAAH83fQA=") -> #REF! | B9: =AND(#REF!,"AAAAAH83fQE=") -> #REF! | C9: =AND(#REF!,"AAAAAH83fQI=") -> #REF! | D9: =AND(#REF!,"AAAAAH83fQM=") -> #REF! | E9: =AND(#REF!,"AAAAAH83fQQ=") -> #REF! | F9: =AND(#REF!,"AAAAAH83fQU=") -> #REF! | G9: =AND(#REF!,"AAAAAH83fQY=") -> #REF! | H9: =AND(#REF!,"AAAAAH83fQc=") -> #REF! | I9: =AND(#REF!,"AAAAAH83fQg=") -> #REF! | J9: =AND(#REF!,"AAAAAH83fQk=") -> #REF! | K9: =IF(#REF!,"AAAAAH83fQo=",0) -> #REF! | L9: =AND(#REF!,"AAAAAH83fQs=") -> #REF! | M9: =AND(#REF!,"AAAAAH83fQw=") -> #REF! | N9: =AND(#REF!,"AAAAAH83fQ0=") -> #REF! | O9: =AND(#REF!,"AAAAAH83fQ4=") -> #REF! | P9: =AND(#REF!,"AAAAAH83fQ8=") -> #REF! | Q9: =AND(#REF!,"AAAAAH83fRA=") -> #REF! | R9: =AND(#REF!,"AAAAAH83fRE=") -> #REF! | S9: =AND(#REF!,"AAAAAH83fRI=") -> #REF! | T9: =AND(#REF!,"AAAAAH83fRM=") -> #REF! | U9: =AND(#REF!,"AAAAAH83fRQ=") -> #REF! | V9: =AND(#REF!,"AAAAAH83fRU=") -> #REF! | W9: =IF(#REF!,"AAAAAH83fRY=",0) -> #REF! | X9: =AND(#REF!,"AAAAAH83fRc=") -> #REF! | Y9: =AND(#REF!,"AAAAAH83fRg=") -> #REF! | Z9: =AND(#REF!,"AAAAAH83fRk=") -> #REF! | AA9: =AND(#REF!,"AAAAAH83fRo=") -> #REF! | AB9: =AND(#REF!,"AAAAAH83fRs=") -> #REF! | AC9: =AND(#REF!,"AAAAAH83fRw=") -> #REF! | AD9: =AND(#REF!,"AAAAAH83fR0=") -> #REF! | AE9: =AND(#REF!,"AAAAAH83fR4=") -> #REF! | AF9: =AND(#REF!,"AAAAAH83fR8=") -> #REF! | AG9: =AND(#REF!,"AAAAAH83fSA=") -> #REF! | AH9: =AND(#REF!,"AAAAAH83fSE=") -> #REF! | AI9: =IF(#REF!,"AAAAAH83fSI=",0) -> #REF! | AJ9: =AND(#REF!,"AAAAAH83fSM=") -> #REF! | AK9: =AND(#REF!,"AAAAAH83fSQ=") -> #REF! | AL9: =AND(#REF!,"AAAAAH83fSU=") -> #REF! | AM9: =AND(#REF!,"AAAAAH83fSY=") -> #REF! | AN9: =AND(#REF!,"AAAAAH83fSc=") -> #REF! | AO9: =AND(#REF!,"AAAAAH83fSg=") -> #REF! | AP9: =AND(#REF!,"AAAAAH83fSk=") -> #REF! | AQ9: =AND(#REF!,"AAAAAH83fSo=") -> #REF! | AR9: =AND(#REF!,"AAAAAH83fSs=") -> #REF! | AS9: =AND(#REF!,"AAAAAH83fSw=") -> #REF! | AT9: =AND(#REF!,"AAAAAH83fS0=") -> #REF! | AU9: =IF(#REF!,"AAAAAH83fS4=",0) -> #REF! | AV9: =AND(#REF!,"AAAAAH83fS8=") -> #REF! | AW9: =AND(#REF!,"AAAAAH83fTA=") -> #REF! | AX9: =AND(#REF!,"AAAAAH83fTE=") -> #REF! | AY9: =AND(#REF!,"AAAAAH83fTI=") -> #REF! | AZ9: =AND(#REF!,"AAAAAH83fTM=") -> #REF! | BA9: =AND(#REF!,"AAAAAH83fTQ=") -> #REF! | BB9: =AND(#REF!,"AAAAAH83fTU=") -> #REF! | BC9: =AND(#REF!,"AAAAAH83fTY=") -> #REF! | BD9: =AND(#REF!,"AAAAAH83fTc=") -> #REF! | BE9: =AND(#REF!,"AAAAAH83fTg=") -> #REF! | BF9: =AND(#REF!,"AAAAAH83fTk=") -> #REF! | BG9: =IF(#REF!,"AAAAAH83fTo=",0) -> #REF! | BH9: =AND(#REF!,"AAAAAH83fTs=") -> #REF! | BI9: =AND(#REF!,"AAAAAH83fTw=") -> #REF! | BJ9: =AND(#REF!,"AAAAAH83fT0=") -> #REF! | BK9: =AND(#REF!,"AAAAAH83fT4=") -> #REF! | BL9: =AND(#REF!,"AAAAAH83fT8=") -> #REF! | BM9: =AND(#REF!,"AAAAAH83fUA=") -> #REF! | BN9: =AND(#REF!,"AAAAAH83fUE=") -> #REF! | BO9: =AND(#REF!,"AAAAAH83fUI=") -> #REF! | BP9: =AND(#REF!,"AAAAAH83fUM=") -> #REF! | BQ9: =AND(#REF!,"AAAAAH83fUQ=") -> #REF! | BR9: =AND(#REF!,"AAAAAH83fUU=") -> #REF! | BS9: =IF(#REF!,"AAAAAH83fUY=",0) -> #REF! | BT9: =AND(#REF!,"AAAAAH83fUc=") -> #REF! | BU9: =AND(#REF!,"AAAAAH83fUg=") -> #REF! | BV9: =AND(#REF!,"AAAAAH83fUk=") -> #REF! | BW9: =AND(#REF!,"AAAAAH83fUo=") -> #REF! | BX9: =AND(#REF!,"AAAAAH83fUs=") -> #REF! | BY9: =AND(#REF!,"AAAAAH83fUw=") -> #REF! | BZ9: =AND(#REF!,"AAAAAH83fU0=") -> #REF! | CA9: =AND(#REF!,"AAAAAH83fU4=") -> #REF! | CB9: =AND(#REF!,"AAAAAH83fU8=") -> #REF! | CC9: =AND(#REF!,"AAAAAH83fVA=") -> #REF! | CD9: =AND(#REF!,"AAAAAH83fVE=") -> #REF! | CE9: =IF(#REF!,"AAAAAH83fVI=",0) -> #REF! | CF9: =AND(#REF!,"AAAAAH83fVM=") -> #REF! | CG9: =AND(#REF!,"AAAAAH83fVQ=") -> #REF! | CH9: =AND(#REF!,"AAAAAH83fVU=") -> #REF! | CI9: =AND(#REF!,"AAAAAH83fVY=") -> #REF! | CJ9: =AND(#REF!,"AAAAAH83fVc=") -> #REF! | CK9: =AND(#REF!,"AAAAAH83fVg=") -> #REF! | CL9: =AND(#REF!,"AAAAAH83fVk=") -> #REF! | CM9: =AND(#REF!,"AAAAAH83fVo=") -> #REF! | CN9: =AND(#REF!,"AAAAAH83fVs=") -> #REF! | CO9: =AND(#REF!,"AAAAAH83fVw=") -> #REF! | CP9: =AND(#REF!,"AAAAAH83fV0=") -> #REF! | CQ9: =IF(#REF!,"AAAAAH83fV4=",0) -> #REF! | CR9: =AND(#REF!,"AAAAAH83fV8=") -> #REF! | CS9: =AND(#REF!,"AAAAAH83fWA=") -> #REF! | CT9: =AND(#REF!,"AAAAAH83fWE=") -> #REF! | CU9: =AND(#REF!,"AAAAAH83fWI=") -> #REF! | CV9: =AND(#REF!,"AAAAAH83fWM=") -> #REF! | CW9: =AND(#REF!,"AAAAAH83fWQ=") -> #REF! | CX9: =AND(#REF!,"AAAAAH83fWU=") -> #REF! | CY9: =AND(#REF!,"AAAAAH83fWY=") -> #REF! | CZ9: =AND(#REF!,"AAAAAH83fWc=") -> #REF! | DA9: =AND(#REF!,"AAAAAH83fWg=") -> #REF! | DB9: =AND(#REF!,"AAAAAH83fWk=") -> #REF! | DC9: =IF(#REF!,"AAAAAH83fWo=",0) -> #REF! | DD9: =AND(#REF!,"AAAAAH83fWs=") -> #REF! | DE9: =AND(#REF!,"AAAAAH83fWw=") -> #REF! | DF9: =AND(#REF!,"AAAAAH83fW0=") -> #REF! | DG9: =AND(#REF!,"AAAAAH83fW4=") -> #REF! | DH9: =AND(#REF!,"AAAAAH83fW8=") -> #REF! | DI9: =AND(#REF!,"AAAAAH83fXA=") -> #REF! | DJ9: =AND(#REF!,"AAAAAH83fXE=") -> #REF! | DK9: =AND(#REF!,"AAAAAH83fXI=") -> #REF! | DL9: =AND(#REF!,"AAAAAH83fXM=") -> #REF! | DM9: =AND(#REF!,"AAAAAH83fXQ=") -> #REF! | DN9: =AND(#REF!,"AAAAAH83fXU=") -> #REF! | DO9: =IF(#REF!,"AAAAAH83fXY=",0) -> #REF! | DP9: =AND(#REF!,"AAAAAH83fXc=") -> #REF! | DQ9: =AND(#REF!,"AAAAAH83fXg=") -> #REF! | DR9: =AND(#REF!,"AAAAAH83fXk=") -> #REF! | DS9: =AND(#REF!,"AAAAAH83fXo=") -> #REF! | DT9: =AND(#REF!,"AAAAAH83fXs=") -> #REF! | DU9: =AND(#REF!,"AAAAAH83fXw=") -> #REF! | DV9: =AND(#REF!,"AAAAAH83fX0=") -> #REF! | DW9: =AND(#REF!,"AAAAAH83fX4=") -> #REF! | DX9: =AND(#REF!,"AAAAAH83fX8=") -> #REF! | DY9: =AND(#REF!,"AAAAAH83fYA=") -> #REF! | DZ9: =AND(#REF!,"AAAAAH83fYE=") -> #REF! | EA9: =IF(#REF!,"AAAAAH83fYI=",0) -> #REF! | EB9: =AND(#REF!,"AAAAAH83fYM=") -> #REF! | EC9: =AND(#REF!,"AAAAAH83fYQ=") -> #REF! | ED9: =AND(#REF!,"AAAAAH83fYU=") -> #REF! | EE9: =AND(#REF!,"AAAAAH83fYY=") -> #REF! | EF9: =AND(#REF!,"AAAAAH83fYc=") -> #REF! | EG9: =AND(#REF!,"AAAAAH83fYg=") -> #REF! | EH9: =AND(#REF!,"AAAAAH83fYk=") -> #REF! | EI9: =AND(#REF!,"AAAAAH83fYo=") -> #REF! | EJ9: =AND(#REF!,"AAAAAH83fYs=") -> #REF! | EK9: =AND(#REF!,"AAAAAH83fYw=") -> #REF! | EL9: =AND(#REF!,"AAAAAH83fY0=") -> #REF! | EM9: =IF(#REF!,"AAAAAH83fY4=",0) -> #REF! | EN9: =AND(#REF!,"AAAAAH83fY8=") -> #REF! | EO9: =AND(#REF!,"AAAAAH83fZA=") -> #REF! | EP9: =AND(#REF!,"AAAAAH83fZE=") -> #REF! | EQ9: =AND(#REF!,"AAAAAH83fZI=") -> #REF! | ER9: =AND(#REF!,"AAAAAH83fZM=") -> #REF! | ES9: =AND(#REF!,"AAAAAH83fZQ=") -> #REF! | ET9: =AND(#REF!,"AAAAAH83fZU=") -> #REF! | EU9: =AND(#REF!,"AAAAAH83fZY=") -> #REF! | EV9: =AND(#REF!,"AAAAAH83fZc=") -> #REF! | EW9: =AND(#REF!,"AAAAAH83fZg=") -> #REF! | EX9: =AND(#REF!,"AAAAAH83fZk=") -> #REF! | EY9: =IF(#REF!,"AAAAAH83fZo=",0) -> #REF! | EZ9: =AND(#REF!,"AAAAAH83fZs=") -> #REF! | FA9: =AND(#REF!,"AAAAAH83fZw=") -> #REF! | FB9: =AND(#REF!,"AAAAAH83fZ0=") -> #REF! | FC9: =AND(#REF!,"AAAAAH83fZ4=") -> #REF! | FD9: =AND(#REF!,"AAAAAH83fZ8=") -> #REF! | FE9: =AND(#REF!,"AAAAAH83faA=") -> #REF! | FF9: =AND(#REF!,"AAAAAH83faE=") -> #REF! | FG9: =AND(#REF!,"AAAAAH83faI=") -> #REF! | FH9: =AND(#REF!,"AAAAAH83faM=") -> #REF! | FI9: =AND(#REF!,"AAAAAH83faQ=") -> #REF! | FJ9: =AND(#REF!,"AAAAAH83faU=") -> #REF! | FK9: =IF(#REF!,"AAAAAH83faY=",0) -> #REF! | FL9: =AND(#REF!,"AAAAAH83fac=") -> #REF! | FM9: =AND(#REF!,"AAAAAH83fag=") -> #REF! | FN9: =AND(#REF!,"AAAAAH83fak=") -> #REF! | FO9: =AND(#REF!,"AAAAAH83fao=") -> #REF! | FP9: =AND(#REF!,"AAAAAH83fas=") -> #REF! | FQ9: =AND(#REF!,"AAAAAH83faw=") -> #REF! | FR9: =AND(#REF!,"AAAAAH83fa0=") -> #REF! | FS9: =AND(#REF!,"AAAAAH83fa4=") -> #REF! | FT9: =AND(#REF!,"AAAAAH83fa8=") -> #REF! | FU9: =AND(#REF!,"AAAAAH83fbA=") -> #REF! | FV9: =AND(#REF!,"AAAAAH83fbE=") -> #REF! | FW9: =IF(#REF!,"AAAAAH83fbI=",0) -> #REF! | FX9: =AND(#REF!,"AAAAAH83fbM=") -> #REF! | FY9: =AND(#REF!,"AAAAAH83fbQ=") -> #REF! | FZ9: =AND(#REF!,"AAAAAH83fbU=") -> #REF! | GA9: =AND(#REF!,"AAAAAH83fbY=") -> #REF! | GB9: =AND(#REF!,"AAAAAH83fbc=") -> #REF! | GC9: =AND(#REF!,"AAAAAH83fbg=") -> #REF! | GD9: =AND(#REF!,"AAAAAH83fbk=") -> #REF! | GE9: =AND(#REF!,"AAAAAH83fbo=") -> #REF! | GF9: =AND(#REF!,"AAAAAH83fbs=") -> #REF! | GG9: =AND(#REF!,"AAAAAH83fbw=") -> #REF! | GH9: =AND(#REF!,"AAAAAH83fb0=") -> #REF! | GI9: =IF(#REF!,"AAAAAH83fb4=",0) -> #REF! | GJ9: =AND(#REF!,"AAAAAH83fb8=") -> #REF! | GK9: =AND(#REF!,"AAAAAH83fcA=") -> #REF! | GL9: =AND(#REF!,"AAAAAH83fcE=") -> #REF! | GM9: =AND(#REF!,"AAAAAH83fcI=") -> #REF! | GN9: =AND(#REF!,"AAAAAH83fcM=") -> #REF! | GO9: =AND(#REF!,"AAAAAH83fcQ=") -> #REF! | GP9: =AND(#REF!,"AAAAAH83fcU=") -> #REF! | GQ9: =AND(#REF!,"AAAAAH83fcY=") -> #REF! | GR9: =AND(#REF!,"AAAAAH83fcc=") -> #REF! | GS9: =AND(#REF!,"AAAAAH83fcg=") -> #REF! | GT9: =AND(#REF!,"AAAAAH83fck=") -> #REF! | GU9: =IF(#REF!,"AAAAAH83fco=",0) -> #REF! | GV9: =AND(#REF!,"AAAAAH83fcs=") -> #REF! | GW9: =AND(#REF!,"AAAAAH83fcw=") -> #REF! | GX9: =AND(#REF!,"AAAAAH83fc0=") -> #REF! | GY9: =AND(#REF!,"AAAAAH83fc4=") -> #REF! | GZ9: =AND(#REF!,"AAAAAH83fc8=") -> #REF! | HA9: =AND(#REF!,"AAAAAH83fdA=") -> #REF! | HB9: =AND(#REF!,"AAAAAH83fdE=") -> #REF! | HC9: =AND(#REF!,"AAAAAH83fdI=") -> #REF! | HD9: =AND(#REF!,"AAAAAH83fdM=") -> #REF! | HE9: =AND(#REF!,"AAAAAH83fdQ=") -> #REF! | HF9: =AND(#REF!,"AAAAAH83fdU=") -> #REF! | HG9: =IF(#REF!,"AAAAAH83fdY=",0) -> #REF! | HH9: =AND(#REF!,"AAAAAH83fdc=") -> #REF! | HI9: =AND(#REF!,"AAAAAH83fdg=") -> #REF! | HJ9: =AND(#REF!,"AAAAAH83fdk=") -> #REF! | HK9: =AND(#REF!,"AAAAAH83fdo=") -> #REF! | HL9: =AND(#REF!,"AAAAAH83fds=") -> #REF! | HM9: =AND(#REF!,"AAAAAH83fdw=") -> #REF! | HN9: =AND(#REF!,"AAAAAH83fd0=") -> #REF! | HO9: =AND(#REF!,"AAAAAH83fd4=") -> #REF! | HP9: =AND(#REF!,"AAAAAH83fd8=") -> #REF! | HQ9: =AND(#REF!,"AAAAAH83feA=") -> #REF! | HR9: =AND(#REF!,"AAAAAH83feE=") -> #REF! | HS9: =IF(#REF!,"AAAAAH83feI=",0) -> #REF! | HT9: =AND(#REF!,"AAAAAH83feM=") -> #REF! | HU9: =AND(#REF!,"AAAAAH83feQ=") -> #REF! | HV9: =AND(#REF!,"AAAAAH83feU=") -> #REF! | HW9: =AND(#REF!,"AAAAAH83feY=") -> #REF! | HX9: =AND(#REF!,"AAAAAH83fec=") -> #REF! | HY9: =AND(#REF!,"AAAAAH83feg=") -> #REF! | HZ9: =AND(#REF!,"AAAAAH83fek=") -> #REF! | IA9: =AND(#REF!,"AAAAAH83feo=") -> #REF! | IB9: =AND(#REF!,"AAAAAH83fes=") -> #REF! | IC9: =AND(#REF!,"AAAAAH83few=") -> #REF! | ID9: =AND(#REF!,"AAAAAH83fe0=") -> #REF! | IE9: =IF(#REF!,"AAAAAH83fe4=",0) -> #REF! | IF9: =AND(#REF!,"AAAAAH83fe8=") -> #REF! | IG9: =AND(#REF!,"AAAAAH83ffA=") -> #REF! | IH9: =AND(#REF!,"AAAAAH83ffE=") -> #REF! | II9: =AND(#REF!,"AAAAAH83ffI=") -> #REF! | IJ9: =AND(#REF!,"AAAAAH83ffM=") -> #REF! | IK9: =AND(#REF!,"AAAAAH83ffQ=") -> #REF! | IL9: =AND(#REF!,"AAAAAH83ffU=") -> #REF! | IM9: =AND(#REF!,"AAAAAH83ffY=") -> #REF! | IN9: =AND(#REF!,"AAAAAH83ffc=") -> #REF! | IO9: =AND(#REF!,"AAAAAH83ffg=") -> #REF! | IP9: =AND(#REF!,"AAAAAH83ffk=") -> #REF! | IQ9: =IF(#REF!,"AAAAAH83ffo=",0) -> #REF! | IR9: =AND(#REF!,"AAAAAH83ffs=") -> #REF! | IS9: =AND(#REF!,"AAAAAH83ffw=") -> #REF! | IT9: =AND(#REF!,"AAAAAH83ff0=") -> #REF! | IU9: =AND(#REF!,"AAAAAH83ff4=") -> #REF! | IV9: =AND(#REF!,"AAAAAH83ff8=") -> #REF!
A10: =AND(#REF!,"AAAAABFXbwA=") -> #REF! | B10: =AND(#REF!,"AAAAABFXbwE=") -> #REF! | C10: =AND(#REF!,"AAAAABFXbwI=") -> #REF! | D10: =AND(#REF!,"AAAAABFXbwM=") -> #REF! | E10: =AND(#REF!,"AAAAABFXbwQ=") -> #REF! | F10: =AND(#REF!,"AAAAABFXbwU=") -> #REF! | G10: =IF(#REF!,"AAAAABFXbwY=",0) -> #REF! | H10: =AND(#REF!,"AAAAABFXbwc=") -> #REF! | I10: =AND(#REF!,"AAAAABFXbwg=") -> #REF! | J10: =AND(#REF!,"AAAAABFXbwk=") -> #REF! | K10: =AND(#REF!,"AAAAABFXbwo=") -> #REF! | L10: =AND(#REF!,"AAAAABFXbws=") -> #REF! | M10: =AND(#REF!,"AAAAABFXbww=") -> #REF! | N10: =AND(#REF!,"AAAAABFXbw0=") -> #REF! | O10: =AND(#REF!,"AAAAABFXbw4=") -> #REF! | P10: =AND(#REF!,"AAAAABFXbw8=") -> #REF! | Q10: =AND(#REF!,"AAAAABFXbxA=") -> #REF! | R10: =AND(#REF!,"AAAAABFXbxE=") -> #REF! | S10: =IF(#REF!,"AAAAABFXbxI=",0) -> #REF! | T10: =AND(#REF!,"AAAAABFXbxM=") -> #REF! | U10: =AND(#REF!,"AAAAABFXbxQ=") -> #REF! | V10: =AND(#REF!,"AAAAABFXbxU=") -> #REF! | W10: =AND(#REF!,"AAAAABFXbxY=") -> #REF! | X10: =AND(#REF!,"AAAAABFXbxc=") -> #REF! | Y10: =AND(#REF!,"AAAAABFXbxg=") -> #REF! | Z10: =AND(#REF!,"AAAAABFXbxk=") -> #REF! | AA10: =AND(#REF!,"AAAAABFXbxo=") -> #REF! | AB10: =AND(#REF!,"AAAAABFXbxs=") -> #REF! | AC10: =AND(#REF!,"AAAAABFXbxw=") -> #REF! | AD10: =AND(#REF!,"AAAAABFXbx0=") -> #REF! | AE10: =IF(#REF!,"AAAAABFXbx4=",0) -> #REF! | AF10: =AND(#REF!,"AAAAABFXbx8=") -> #REF! | AG10: =AND(#REF!,"AAAAABFXbyA=") -> #REF! | AH10: =AND(#REF!,"AAAAABFXbyE=") -> #REF! | AI10: =AND(#REF!,"AAAAABFXbyI=") -> #REF! | AJ10: =AND(#REF!,"AAAAABFXbyM=") -> #REF! | AK10: =AND(#REF!,"AAAAABFXbyQ=") -> #REF! | AL10: =AND(#REF!,"AAAAABFXbyU=") -> #REF! | AM10: =AND(#REF!,"AAAAABFXbyY=") -> #REF! | AN10: =AND(#REF!,"AAAAABFXbyc=") -> #REF! | AO10: =AND(#REF!,"AAAAABFXbyg=") -> #REF! | AP10: =AND(#REF!,"AAAAABFXbyk=") -> #REF! | AQ10: =IF(#REF!,"AAAAABFXbyo=",0) -> #REF! | AR10: =AND(#REF!,"AAAAABFXbys=") -> #REF! | AS10: =AND(#REF!,"AAAAABFXbyw=") -> #REF! | AT10: =AND(#REF!,"AAAAABFXby0=") -> #REF! | AU10: =AND(#REF!,"AAAAABFXby4=") -> #REF! | AV10: =AND(#REF!,"AAAAABFXby8=") -> #REF! | AW10: =AND(#REF!,"AAAAABFXbzA=") -> #REF! | AX10: =AND(#REF!,"AAAAABFXbzE=") -> #REF! | AY10: =AND(#REF!,"AAAAABFXbzI=") -> #REF! | AZ10: =AND(#REF!,"AAAAABFXbzM=") -> #REF! | BA10: =AND(#REF!,"AAAAABFXbzQ=") -> #REF! | BB10: =AND(#REF!,"AAAAABFXbzU=") -> #REF! | BC10: =IF(#REF!,"AAAAABFXbzY=",0) -> #REF! | BD10: =AND(#REF!,"AAAAABFXbzc=") -> #REF! | BE10: =AND(#REF!,"AAAAABFXbzg=") -> #REF! | BF10: =AND(#REF!,"AAAAABFXbzk=") -> #REF! | BG10: =AND(#REF!,"AAAAABFXbzo=") -> #REF! | BH10: =AND(#REF!,"AAAAABFXbzs=") -> #REF! | BI10: =AND(#REF!,"AAAAABFXbzw=") -> #REF! | BJ10: =AND(#REF!,"AAAAABFXbz0=") -> #REF! | BK10: =AND(#REF!,"AAAAABFXbz4=") -> #REF! | BL10: =AND(#REF!,"AAAAABFXbz8=") -> #REF! | BM10: =AND(#REF!,"AAAAABFXb0A=") -> #REF! | BN10: =AND(#REF!,"AAAAABFXb0E=") -> #REF! | BO10: =IF(#REF!,"AAAAABFXb0I=",0) -> #REF! | BP10: =AND(#REF!,"AAAAABFXb0M=") -> #REF! | BQ10: =AND(#REF!,"AAAAABFXb0Q=") -> #REF! | BR10: =AND(#REF!,"AAAAABFXb0U=") -> #REF! | BS10: =AND(#REF!,"AAAAABFXb0Y=") -> #REF! | BT10: =AND(#REF!,"AAAAABFXb0c=") -> #REF! | BU10: =AND(#REF!,"AAAAABFXb0g=") -> #REF! | BV10: =AND(#REF!,"AAAAABFXb0k=") -> #REF! | BW10: =AND(#REF!,"AAAAABFXb0o=") -> #REF! | BX10: =AND(#REF!,"AAAAABFXb0s=") -> #REF! | BY10: =AND(#REF!,"AAAAABFXb0w=") -> #REF! | BZ10: =AND(#REF!,"AAAAABFXb00=") -> #REF! | CA10: =IF(#REF!,"AAAAABFXb04=",0) -> #REF! | CB10: =AND(#REF!,"AAAAABFXb08=") -> #REF! | CC10: =AND(#REF!,"AAAAABFXb1A=") -> #REF! | CD10: =AND(#REF!,"AAAAABFXb1E=") -> #REF! | CE10: =AND(#REF!,"AAAAABFXb1I=") -> #REF! | CF10: =AND(#REF!,"AAAAABFXb1M=") -> #REF! | CG10: =AND(#REF!,"AAAAABFXb1Q=") -> #REF! | CH10: =AND(#REF!,"AAAAABFXb1U=") -> #REF! | CI10: =AND(#REF!,"AAAAABFXb1Y=") -> #REF! | CJ10: =AND(#REF!,"AAAAABFXb1c=") -> #REF! | CK10: =AND(#REF!,"AAAAABFXb1g=") -> #REF! | CL10: =AND(#REF!,"AAAAABFXb1k=") -> #REF! | CM10: =IF(#REF!,"AAAAABFXb1o=",0) -> #REF! | CN10: =AND(#REF!,"AAAAABFXb1s=") -> #REF! | CO10: =AND(#REF!,"AAAAABFXb1w=") -> #REF! | CP10: =AND(#REF!,"AAAAABFXb10=") -> #REF! | CQ10: =AND(#REF!,"AAAAABFXb14=") -> #REF! | CR10: =AND(#REF!,"AAAAABFXb18=") -> #REF! | CS10: =AND(#REF!,"AAAAABFXb2A=") -> #REF! | CT10: =AND(#REF!,"AAAAABFXb2E=") -> #REF! | CU10: =AND(#REF!,"AAAAABFXb2I=") -> #REF! | CV10: =AND(#REF!,"AAAAABFXb2M=") -> #REF! | CW10: =AND(#REF!,"AAAAABFXb2Q=") -> #REF! | CX10: =AND(#REF!,"AAAAABFXb2U=") -> #REF! | CY10: =IF(#REF!,"AAAAABFXb2Y=",0) -> #REF! | CZ10: =AND(#REF!,"AAAAABFXb2c=") -> #REF! | DA10: =AND(#REF!,"AAAAABFXb2g=") -> #REF! | DB10: =AND(#REF!,"AAAAABFXb2k=") -> #REF! | DC10: =AND(#REF!,"AAAAABFXb2o=") -> #REF! | DD10: =AND(#REF!,"AAAAABFXb2s=") -> #REF! | DE10: =AND(#REF!,"AAAAABFXb2w=") -> #REF! | DF10: =AND(#REF!,"AAAAABFXb20=") -> #REF! | DG10: =AND(#REF!,"AAAAABFXb24=") -> #REF! | DH10: =AND(#REF!,"AAAAABFXb28=") -> #REF! | DI10: =AND(#REF!,"AAAAABFXb3A=") -> #REF! | DJ10: =AND(#REF!,"AAAAABFXb3E=") -> #REF! | DK10: =IF(#REF!,"AAAAABFXb3I=",0) -> #REF! | DL10: =AND(#REF!,"AAAAABFXb3M=") -> #REF! | DM10: =AND(#REF!,"AAAAABFXb3Q=") -> #REF! | DN10: =AND(#REF!,"AAAAABFXb3U=") -> #REF! | DO10: =AND(#REF!,"AAAAABFXb3Y=") -> #REF! | DP10: =AND(#REF!,"AAAAABFXb3c=") -> #REF! | DQ10: =AND(#REF!,"AAAAABFXb3g=") -> #REF! | DR10: =AND(#REF!,"AAAAABFXb3k=") -> #REF! | DS10: =AND(#REF!,"AAAAABFXb3o=") -> #REF! | DT10: =AND(#REF!,"AAAAABFXb3s=") -> #REF! | DU10: =AND(#REF!,"AAAAABFXb3w=") -> #REF! | DV10: =AND(#REF!,"AAAAABFXb30=") -> #REF! | DW10: =IF(#REF!,"AAAAABFXb34=",0) -> #REF! | DX10: =AND(#REF!,"AAAAABFXb38=") -> #REF! | DY10: =AND(#REF!,"AAAAABFXb4A=") -> #REF! | DZ10: =AND(#REF!,"AAAAABFXb4E=") -> #REF! | EA10: =AND(#REF!,"AAAAABFXb4I=") -> #REF! | EB10: =AND(#REF!,"AAAAABFXb4M=") -> #REF! | EC10: =AND(#REF!,"AAAAABFXb4Q=") -> #REF! | ED10: =AND(#REF!,"AAAAABFXb4U=") -> #REF! | EE10: =AND(#REF!,"AAAAABFXb4Y=") -> #REF! | EF10: =AND(#REF!,"AAAAABFXb4c=") -> #REF! | EG10: =AND(#REF!,"AAAAABFXb4g=") -> #REF! | EH10: =AND(#REF!,"AAAAABFXb4k=") -> #REF! | EI10: =IF(#REF!,"AAAAABFXb4o=",0) -> #REF! | EJ10: =AND(#REF!,"AAAAABFXb4s=") -> #REF! | EK10: =AND(#REF!,"AAAAABFXb4w=") -> #REF! | EL10: =AND(#REF!,"AAAAABFXb40=") -> #REF! | EM10: =AND(#REF!,"AAAAABFXb44=") -> #REF! | EN10: =AND(#REF!,"AAAAABFXb48=") -> #REF! | EO10: =AND(#REF!,"AAAAABFXb5A=") -> #REF! | EP10: =AND(#REF!,"AAAAABFXb5E=") -> #REF! | EQ10: =AND(#REF!,"AAAAABFXb5I=") -> #REF! | ER10: =AND(#REF!,"AAAAABFXb5M=") -> #REF! | ES10: =AND(#REF!,"AAAAABFXb5Q=") -> #REF! | ET10: =AND(#REF!,"AAAAABFXb5U=") -> #REF! | EU10: =IF(#REF!,"AAAAABFXb5Y=",0) -> #REF! | EV10: =AND(#REF!,"AAAAABFXb5c=") -> #REF! | EW10: =AND(#REF!,"AAAAABFXb5g=") -> #REF! | EX10: =AND(#REF!,"AAAAABFXb5k=") -> #REF! | EY10: =AND(#REF!,"AAAAABFXb5o=") -> #REF! | EZ10: =AND(#REF!,"AAAAABFXb5s=") -> #REF! | FA10: =AND(#REF!,"AAAAABFXb5w=") -> #REF! | FB10: =AND(#REF!,"AAAAABFXb50=") -> #REF! | FC10: =AND(#REF!,"AAAAABFXb54=") -> #REF! | FD10: =AND(#REF!,"AAAAABFXb58=") -> #REF! | FE10: =AND(#REF!,"AAAAABFXb6A=") -> #REF! | FF10: =AND(#REF!,"AAAAABFXb6E=") -> #REF! | FG10: =IF(#REF!,"AAAAABFXb6I=",0) -> #REF! | FH10: =AND(#REF!,"AAAAABFXb6M=") -> #REF! | FI10: =AND(#REF!,"AAAAABFXb6Q=") -> #REF! | FJ10: =AND(#REF!,"AAAAABFXb6U=") -> #REF! | FK10: =AND(#REF!,"AAAAABFXb6Y=") -> #REF! | FL10: =AND(#REF!,"AAAAABFXb6c=") -> #REF! | FM10: =AND(#REF!,"AAAAABFXb6g=") -> #REF! | FN10: =AND(#REF!,"AAAAABFXb6k=") -> #REF! | FO10: =AND(#REF!,"AAAAABFXb6o=") -> #REF! | FP10: =AND(#REF!,"AAAAABFXb6s=") -> #REF! | FQ10: =AND(#REF!,"AAAAABFXb6w=") -> #REF! | FR10: =AND(#REF!,"AAAAABFXb60=") -> #REF! | FS10: =IF(#REF!,"AAAAABFXb64=",0) -> #REF! | FT10: =AND(#REF!,"AAAAABFXb68=") -> #REF! | FU10: =AND(#REF!,"AAAAABFXb7A=") -> #REF! | FV10: =AND(#REF!,"AAAAABFXb7E=") -> #REF! | FW10: =AND(#REF!,"AAAAABFXb7I=") -> #REF! | FX10: =AND(#REF!,"AAAAABFXb7M=") -> #REF! | FY10: =AND(#REF!,"AAAAABFXb7Q=") -> #REF! | FZ10: =AND(#REF!,"AAAAABFXb7U=") -> #REF! | GA10: =AND(#REF!,"AAAAABFXb7Y=") -> #REF! | GB10: =AND(#REF!,"AAAAABFXb7c=") -> #REF! | GC10: =AND(#REF!,"AAAAABFXb7g=") -> #REF! | GD10: =AND(#REF!,"AAAAABFXb7k=") -> #REF! | GE10: =IF(#REF!,"AAAAABFXb7o=",0) -> #REF! | GF10: =AND(#REF!,"AAAAABFXb7s=") -> #REF! | GG10: =AND(#REF!,"AAAAABFXb7w=") -> #REF! | GH10: =AND(#REF!,"AAAAABFXb70=") -> #REF! | GI10: =AND(#REF!,"AAAAABFXb74=") -> #REF! | GJ10: =AND(#REF!,"AAAAABFXb78=") -> #REF! | GK10: =AND(#REF!,"AAAAABFXb8A=") -> #REF! | GL10: =AND(#REF!,"AAAAABFXb8E=") -> #REF! | GM10: =AND(#REF!,"AAAAABFXb8I=") -> #REF! | GN10: =AND(#REF!,"AAAAABFXb8M=") -> #REF! | GO10: =AND(#REF!,"AAAAABFXb8Q=") -> #REF! | GP10: =AND(#REF!,"AAAAABFXb8U=") -> #REF! | GQ10: =IF(#REF!,"AAAAABFXb8Y=",0) -> #REF! | GR10: =AND(#REF!,"AAAAABFXb8c=") -> #REF! | GS10: =AND(#REF!,"AAAAABFXb8g=") -> #REF! | GT10: =AND(#REF!,"AAAAABFXb8k=") -> #REF! | GU10: =AND(#REF!,"AAAAABFXb8o=") -> #REF! | GV10: =AND(#REF!,"AAAAABFXb8s=") -> #REF! | GW10: =AND(#REF!,"AAAAABFXb8w=") -> #REF! | GX10: =AND(#REF!,"AAAAABFXb80=") -> #REF! | GY10: =AND(#REF!,"AAAAABFXb84=") -> #REF! | GZ10: =AND(#REF!,"AAAAABFXb88=") -> #REF! | HA10: =AND(#REF!,"AAAAABFXb9A=") -> #REF! | HB10: =AND(#REF!,"AAAAABFXb9E=") -> #REF! | HC10: =IF(#REF!,"AAAAABFXb9I=",0) -> #REF! | HD10: =AND(#REF!,"AAAAABFXb9M=") -> #REF! | HE10: =AND(#REF!,"AAAAABFXb9Q=") -> #REF! | HF10: =AND(#REF!,"AAAAABFXb9U=") -> #REF! | HG10: =AND(#REF!,"AAAAABFXb9Y=") -> #REF! | HH10: =AND(#REF!,"AAAAABFXb9c=") -> #REF! | HI10: =AND(#REF!,"AAAAABFXb9g=") -> #REF! | HJ10: =AND(#REF!,"AAAAABFXb9k=") -> #REF! | HK10: =AND(#REF!,"AAAAABFXb9o=") -> #REF! | HL10: =AND(#REF!,"AAAAABFXb9s=") -> #REF! | HM10: =AND(#REF!,"AAAAABFXb9w=") -> #REF! | HN10: =AND(#REF!,"AAAAABFXb90=") -> #REF! | HO10: =IF(#REF!,"AAAAABFXb94=",0) -> #REF! | HP10: =AND(#REF!,"AAAAABFXb98=") -> #REF! | HQ10: =AND(#REF!,"AAAAABFXb+A=") -> #REF! | HR10: =AND(#REF!,"AAAAABFXb+E=") -> #REF! | HS10: =AND(#REF!,"AAAAABFXb+I=") -> #REF! | HT10: =AND(#REF!,"AAAAABFXb+M=") -> #REF! | HU10: =AND(#REF!,"AAAAABFXb+Q=") -> #REF! | HV10: =AND(#REF!,"AAAAABFXb+U=") -> #REF! | HW10: =AND(#REF!,"AAAAABFXb+Y=") -> #REF! | HX10: =AND(#REF!,"AAAAABFXb+c=") -> #REF! | HY10: =AND(#REF!,"AAAAABFXb+g=") -> #REF! | HZ10: =AND(#REF!,"AAAAABFXb+k=") -> #REF! | IA10: =IF(#REF!,"AAAAABFXb+o=",0) -> #REF! | IB10: =AND(#REF!,"AAAAABFXb+s=") -> #REF! | IC10: =AND(#REF!,"AAAAABFXb+w=") -> #REF! | ID10: =AND(#REF!,"AAAAABFXb+0=") -> #REF! | IE10: =AND(#REF!,"AAAAABFXb+4=") -> #REF! | IF10: =AND(#REF!,"AAAAABFXb+8=") -> #REF! | IG10: =AND(#REF!,"AAAAABFXb/A=") -> #REF! | IH10: =AND(#REF!,"AAAAABFXb/E=") -> #REF! | II10: =AND(#REF!,"AAAAABFXb/I=") -> #REF! | IJ10: =AND(#REF!,"AAAAABFXb/M=") -> #REF! | IK10: =AND(#REF!,"AAAAABFXb/Q=") -> #REF! | IL10: =AND(#REF!,"AAAAABFXb/U=") -> #REF! | IM10: =IF(#REF!,"AAAAABFXb/Y=",0) -> #REF! | IN10: =AND(#REF!,"AAAAABFXb/c=") -> #REF! | IO10: =AND(#REF!,"AAAAABFXb/g=") -> #REF! | IP10: =AND(#REF!,"AAAAABFXb/k=") -> #REF! | IQ10: =AND(#REF!,"AAAAABFXb/o=") -> #REF! | IR10: =AND(#REF!,"AAAAABFXb/s=") -> #REF! | IS10: =AND(#REF!,"AAAAABFXb/w=") -> #REF! | IT10: =AND(#REF!,"AAAAABFXb/0=") -> #REF! | IU10: =AND(#REF!,"AAAAABFXb/4=") -> #REF! | IV10: =AND(#REF!,"AAAAABFXb/8=") -> #REF!
A11: =AND(#REF!,"AAAAAFRdvAA=") -> #REF! | B11: =AND(#REF!,"AAAAAFRdvAE=") -> #REF! | C11: =IF(#REF!,"AAAAAFRdvAI=",0) -> #REF! | D11: =AND(#REF!,"AAAAAFRdvAM=") -> #REF! | E11: =AND(#REF!,"AAAAAFRdvAQ=") -> #REF! | F11: =AND(#REF!,"AAAAAFRdvAU=") -> #REF! | G11: =AND(#REF!,"AAAAAFRdvAY=") -> #REF! | H11: =AND(#REF!,"AAAAAFRdvAc=") -> #REF! | I11: =AND(#REF!,"AAAAAFRdvAg=") -> #REF! | J11: =AND(#REF!,"AAAAAFRdvAk=") -> #REF! | K11: =AND(#REF!,"AAAAAFRdvAo=") -> #REF! | L11: =AND(#REF!,"AAAAAFRdvAs=") -> #REF! | M11: =AND(#REF!,"AAAAAFRdvAw=") -> #REF! | N11: =AND(#REF!,"AAAAAFRdvA0=") -> #REF! | O11: =IF(#REF!,"AAAAAFRdvA4=",0) -> #REF! | P11: =AND(#REF!,"AAAAAFRdvA8=") -> #REF! | Q11: =AND(#REF!,"AAAAAFRdvBA=") -> #REF! | R11: =AND(#REF!,"AAAAAFRdvBE=") -> #REF! | S11: =AND(#REF!,"AAAAAFRdvBI=") -> #REF! | T11: =AND(#REF!,"AAAAAFRdvBM=") -> #REF! | U11: =AND(#REF!,"AAAAAFRdvBQ=") -> #REF! | V11: =AND(#REF!,"AAAAAFRdvBU=") -> #REF! | W11: =AND(#REF!,"AAAAAFRdvBY=") -> #REF! | X11: =AND(#REF!,"AAAAAFRdvBc=") -> #REF! | Y11: =AND(#REF!,"AAAAAFRdvBg=") -> #REF! | Z11: =AND(#REF!,"AAAAAFRdvBk=") -> #REF! | AA11: =IF(#REF!,"AAAAAFRdvBo=",0) -> #REF! | AB11: =AND(#REF!,"AAAAAFRdvBs=") -> #REF! | AC11: =AND(#REF!,"AAAAAFRdvBw=") -> #REF! | AD11: =AND(#REF!,"AAAAAFRdvB0=") -> #REF! | AE11: =AND(#REF!,"AAAAAFRdvB4=") -> #REF! | AF11: =AND(#REF!,"AAAAAFRdvB8=") -> #REF! | AG11: =AND(#REF!,"AAAAAFRdvCA=") -> #REF! | AH11: =AND(#REF!,"AAAAAFRdvCE=") -> #REF! | AI11: =AND(#REF!,"AAAAAFRdvCI=") -> #REF! | AJ11: =AND(#REF!,"AAAAAFRdvCM=") -> #REF! | AK11: =AND(#REF!,"AAAAAFRdvCQ=") -> #REF! | AL11: =AND(#REF!,"AAAAAFRdvCU=") -> #REF! | AM11: =IF(#REF!,"AAAAAFRdvCY=",0) -> #REF! | AN11: =AND(#REF!,"AAAAAFRdvCc=") -> #REF! | AO11: =AND(#REF!,"AAAAAFRdvCg=") -> #REF! | AP11: =AND(#REF!,"AAAAAFRdvCk=") -> #REF! | AQ11: =AND(#REF!,"AAAAAFRdvCo=") -> #REF! | AR11: =AND(#REF!,"AAAAAFRdvCs=") -> #REF! | AS11: =AND(#REF!,"AAAAAFRdvCw=") -> #REF! | AT11: =AND(#REF!,"AAAAAFRdvC0=") -> #REF! | AU11: =AND(#REF!,"AAAAAFRdvC4=") -> #REF! | AV11: =AND(#REF!,"AAAAAFRdvC8=") -> #REF! | AW11: =AND(#REF!,"AAAAAFRdvDA=") -> #REF! | AX11: =AND(#REF!,"AAAAAFRdvDE=") -> #REF! | AY11: =IF(#REF!,"AAAAAFRdvDI=",0) -> #REF! | AZ11: =AND(#REF!,"AAAAAFRdvDM=") -> #REF! | BA11: =AND(#REF!,"AAAAAFRdvDQ=") -> #REF! | BB11: =AND(#REF!,"AAAAAFRdvDU=") -> #REF! | BC11: =AND(#REF!,"AAAAAFRdvDY=") -> #REF! | BD11: =AND(#REF!,"AAAAAFRdvDc=") -> #REF! | BE11: =AND(#REF!,"AAAAAFRdvDg=") -> #REF! | BF11: =AND(#REF!,"AAAAAFRdvDk=") -> #REF! | BG11: =AND(#REF!,"AAAAAFRdvDo=") -> #REF! | BH11: =AND(#REF!,"AAAAAFRdvDs=") -> #REF! | BI11: =AND(#REF!,"AAAAAFRdvDw=") -> #REF! | BJ11: =AND(#REF!,"AAAAAFRdvD0=") -> #REF! | BK11: =IF(#REF!,"AAAAAFRdvD4=",0) -> #REF! | BL11: =AND(#REF!,"AAAAAFRdvD8=") -> #REF! | BM11: =AND(#REF!,"AAAAAFRdvEA=") -> #REF! | BN11: =AND(#REF!,"AAAAAFRdvEE=") -> #REF! | BO11: =AND(#REF!,"AAAAAFRdvEI=") -> #REF! | BP11: =AND(#REF!,"AAAAAFRdvEM=") -> #REF! | BQ11: =AND(#REF!,"AAAAAFRdvEQ=") -> #REF! | BR11: =AND(#REF!,"AAAAAFRdvEU=") -> #REF! | BS11: =AND(#REF!,"AAAAAFRdvEY=") -> #REF! | BT11: =AND(#REF!,"AAAAAFRdvEc=") -> #REF! | BU11: =AND(#REF!,"AAAAAFRdvEg=") -> #REF! | BV11: =AND(#REF!,"AAAAAFRdvEk=") -> #REF! | BW11: =IF(#REF!,"AAAAAFRdvEo=",0) -> #REF! | BX11: =AND(#REF!,"AAAAAFRdvEs=") -> #REF! | BY11: =AND(#REF!,"AAAAAFRdvEw=") -> #REF! | BZ11: =AND(#REF!,"AAAAAFRdvE0=") -> #REF! | CA11: =AND(#REF!,"AAAAAFRdvE4=") -> #REF! | CB11: =AND(#REF!,"AAAAAFRdvE8=") -> #REF! | CC11: =AND(#REF!,"AAAAAFRdvFA=") -> #REF! | CD11: =AND(#REF!,"AAAAAFRdvFE=") -> #REF! | CE11: =AND(#REF!,"AAAAAFRdvFI=") -> #REF! | CF11: =AND(#REF!,"AAAAAFRdvFM=") -> #REF! | CG11: =AND(#REF!,"AAAAAFRdvFQ=") -> #REF! | CH11: =AND(#REF!,"AAAAAFRdvFU=") -> #REF! | CI11: =IF(#REF!,"AAAAAFRdvFY=",0) -> #REF! | CJ11: =AND(#REF!,"AAAAAFRdvFc=") -> #REF! | CK11: =AND(#REF!,"AAAAAFRdvFg=") -> #REF! | CL11: =AND(#REF!,"AAAAAFRdvFk=") -> #REF! | CM11: =AND(#REF!,"AAAAAFRdvFo=") -> #REF! | CN11: =AND(#REF!,"AAAAAFRdvFs=") -> #REF! | CO11: =AND(#REF!,"AAAAAFRdvFw=") -> #REF! | CP11: =AND(#REF!,"AAAAAFRdvF0=") -> #REF! | CQ11: =AND(#REF!,"AAAAAFRdvF4=") -> #REF! | CR11: =AND(#REF!,"AAAAAFRdvF8=") -> #REF! | CS11: =AND(#REF!,"AAAAAFRdvGA=") -> #REF! | CT11: =AND(#REF!,"AAAAAFRdvGE=") -> #REF! | CU11: =IF(#REF!,"AAAAAFRdvGI=",0) -> #REF! | CV11: =AND(#REF!,"AAAAAFRdvGM=") -> #REF! | CW11: =AND(#REF!,"AAAAAFRdvGQ=") -> #REF! | CX11: =AND(#REF!,"AAAAAFRdvGU=") -> #REF! | CY11: =AND(#REF!,"AAAAAFRdvGY=") -> #REF! | CZ11: =AND(#REF!,"AAAAAFRdvGc=") -> #REF! | DA11: =AND(#REF!,"AAAAAFRdvGg=") -> #REF! | DB11: =AND(#REF!,"AAAAAFRdvGk=") -> #REF! | DC11: =AND(#REF!,"AAAAAFRdvGo=") -> #REF! | DD11: =AND(#REF!,"AAAAAFRdvGs=") -> #REF! | DE11: =AND(#REF!,"AAAAAFRdvGw=") -> #REF! | DF11: =AND(#REF!,"AAAAAFRdvG0=") -> #REF! | DG11: =IF(#REF!,"AAAAAFRdvG4=",0) -> #REF! | DH11: =AND(#REF!,"AAAAAFRdvG8=") -> #REF! | DI11: =AND(#REF!,"AAAAAFRdvHA=") -> #REF! | DJ11: =AND(#REF!,"AAAAAFRdvHE=") -> #REF! | DK11: =AND(#REF!,"AAAAAFRdvHI=") -> #REF! | DL11: =AND(#REF!,"AAAAAFRdvHM=") -> #REF! | DM11: =AND(#REF!,"AAAAAFRdvHQ=") -> #REF! | DN11: =AND(#REF!,"AAAAAFRdvHU=") -> #REF! | DO11: =AND(#REF!,"AAAAAFRdvHY=") -> #REF! | DP11: =AND(#REF!,"AAAAAFRdvHc=") -> #REF! | DQ11: =AND(#REF!,"AAAAAFRdvHg=") -> #REF! | DR11: =AND(#REF!,"AAAAAFRdvHk=") -> #REF! | DS11: =IF(#REF!,"AAAAAFRdvHo=",0) -> #REF! | DT11: =AND(#REF!,"AAAAAFRdvHs=") -> #REF! | DU11: =AND(#REF!,"AAAAAFRdvHw=") -> #REF! | DV11: =AND(#REF!,"AAAAAFRdvH0=") -> #REF! | DW11: =AND(#REF!,"AAAAAFRdvH4=") -> #REF! | DX11: =AND(#REF!,"AAAAAFRdvH8=") -> #REF! | DY11: =AND(#REF!,"AAAAAFRdvIA=") -> #REF! | DZ11: =AND(#REF!,"AAAAAFRdvIE=") -> #REF! | EA11: =AND(#REF!,"AAAAAFRdvII=") -> #REF! | EB11: =AND(#REF!,"AAAAAFRdvIM=") -> #REF! | EC11: =AND(#REF!,"AAAAAFRdvIQ=") -> #REF! | ED11: =AND(#REF!,"AAAAAFRdvIU=") -> #REF! | EE11: =IF(#REF!,"AAAAAFRdvIY=",0) -> #REF! | EF11: =AND(#REF!,"AAAAAFRdvIc=") -> #REF! | EG11: =AND(#REF!,"AAAAAFRdvIg=") -> #REF! | EH11: =AND(#REF!,"AAAAAFRdvIk=") -> #REF! | EI11: =AND(#REF!,"AAAAAFRdvIo=") -> #REF! | EJ11: =AND(#REF!,"AAAAAFRdvIs=") -> #REF! | EK11: =AND(#REF!,"AAAAAFRdvIw=") -> #REF! | EL11: =AND(#REF!,"AAAAAFRdvI0=") -> #REF! | EM11: =AND(#REF!,"AAAAAFRdvI4=") -> #REF! | EN11: =AND(#REF!,"AAAAAFRdvI8=") -> #REF! | EO11: =AND(#REF!,"AAAAAFRdvJA=") -> #REF! | EP11: =AND(#REF!,"AAAAAFRdvJE=") -> #REF! | EQ11: =IF(#REF!,"AAAAAFRdvJI=",0) -> #REF! | ER11: =IF(#REF!,"AAAAAFRdvJM=",0) -> #REF! | ES11: =IF(#REF!,"AAAAAFRdvJQ=",0) -> #REF! | ET11: =IF(#REF!,"AAAAAFRdvJU=",0) -> #REF! | EU11: =IF(#REF!,"AAAAAFRdvJY=",0) -> #REF! | EV11: =IF(#REF!,"AAAAAFRdvJc=",0) -> #REF! | EW11: =IF(#REF!,"AAAAAFRdvJg=",0) -> #REF! | EX11: =IF(#REF!,"AAAAAFRdvJk=",0) -> #REF! | EY11: =IF(#REF!,"AAAAAFRdvJo=",0) -> #REF! | EZ11: =IF(#REF!,"AAAAAFRdvJs=",0) -> #REF! | FA11: =IF(#REF!,"AAAAAFRdvJw=",0) -> #REF! | FB11: =IF(Export!1:1,"AAAAAFRdvJ0=",0) -> 0 | FC11: =AND(Export!#REF!,"AAAAAFRdvJ4=") -> #REF! | FD11: =AND(Export!#REF!,"AAAAAFRdvJ8=") -> #REF! | FE11: =AND(Export!#REF!,"AAAAAFRdvKA=") -> #REF! | FF11: =AND(Export!#REF!,"AAAAAFRdvKE=") -> #REF! | FG11: =AND(Export!#REF!,"AAAAAFRdvKI=") -> #REF! | FH11: =AND(Export!#REF!,"AAAAAFRdvKM=") -> #REF! | FI11: =AND(Export!#REF!,"AAAAAFRdvKQ=") -> #REF! | FJ11: =AND(Export!#REF!,"AAAAAFRdvKU=") -> #REF! | FK11: =AND(Export!D1,"AAAAAFRdvKY=") -> #VALUE! | FL11: =AND(Export!E1,"AAAAAFRdvKc=") -> #VALUE! | FM11: =IF(Export!2:2,"AAAAAFRdvKg=",0) -> 0 | FN11: =AND(Export!#REF!,"AAAAAFRdvKk=") -> #REF! | FO11: =AND(Export!#REF!,"AAAAAFRdvKo=") -> #REF! | FP11: =AND(Export!#REF!,"AAAAAFRdvKs=") -> #REF! | FQ11: =AND(Export!#REF!,"AAAAAFRdvKw=") -> #REF! | FR11: =AND(Export!#REF!,"AAAAAFRdvK0=") -> #REF! | FS11: =AND(Export!#REF!,"AAAAAFRdvK4=") -> #REF! | FT11: =AND(Export!#REF!,"AAAAAFRdvK8=") -> #REF! | FU11: =AND(Export!#REF!,"AAAAAFRdvLA=") -> #REF! | FV11: =AND(Export!D2,"AAAAAFRdvLE=") -> #VALUE! | FW11: =AND(Export!E2,"AAAAAFRdvLI=") -> #VALUE! | FX11: =IF(Export!3:3,"AAAAAFRdvLM=",0) -> 0 | FY11: =AND(Export!#REF!,"AAAAAFRdvLQ=") -> #REF! | FZ11: =AND(Export!#REF!,"AAAAAFRdvLU=") -> #REF! | GA11: =AND(Export!#REF!,"AAAAAFRdvLY=") -> #REF! | GB11: =AND(Export!#REF!,"AAAAAFRdvLc=") -> #REF! | GC11: =AND(Export!#REF!,"AAAAAFRdvLg=") -> #REF! | GD11: =AND(Export!#REF!,"AAAAAFRdvLk=") -> #REF! | GE11: =AND(Export!#REF!,"AAAAAFRdvLo=") -> #REF! | GF11: =AND(Export!#REF!,"AAAAAFRdvLs=") -> #REF! | GG11: =AND(Export!D3,"AAAAAFRdvLw=") -> #VALUE! | GH11: =AND(Export!E3,"AAAAAFRdvL0=") -> #VALUE! | GI11: =IF(Export!5:5,"AAAAAFRdvL4=",0) -> 0 | GJ11: =AND(Export!#REF!,"AAAAAFRdvL8=") -> #REF! | GK11: =AND(Export!#REF!,"AAAAAFRdvMA=") -> #REF! | GL11: =AND(Export!#REF!,"AAAAAFRdvME=") -> #REF! | GM11: =AND(Export!#REF!,"AAAAAFRdvMI=") -> #REF! | GN11: =AND(Export!#REF!,"AAAAAFRdvMM=") -> #REF! | GO11: =AND(Export!#REF!,"AAAAAFRdvMQ=") -> #REF! | GP11: =AND(Export!#REF!,"AAAAAFRdvMU=") -> #REF! | GQ11: =AND(Export!#REF!,"AAAAAFRdvMY=") -> #REF! | GR11: =AND(Export!D5,"AAAAAFRdvMc=") -> #VALUE! | GS11: =AND(Export!E5,"AAAAAFRdvMg=") -> #VALUE! | GT11: =IF(Export!6:6,"AAAAAFRdvMk=",0) -> 0 | GU11: =AND(Export!#REF!,"AAAAAFRdvMo=") -> #REF! | GV11: =AND(Export!#REF!,"AAAAAFRdvMs=") -> #REF! | GW11: =AND(Export!#REF!,"AAAAAFRdvMw=") -> #REF! | GX11: =AND(Export!#REF!,"AAAAAFRdvM0=") -> #REF! | GY11: =AND(Export!#REF!,"AAAAAFRdvM4=") -> #REF! | GZ11: =AND(Export!#REF!,"AAAAAFRdvM8=") -> #REF! | HA11: =AND(Export!#REF!,"AAAAAFRdvNA=") -> #REF! | HB11: =AND(Export!#REF!,"AAAAAFRdvNE=") -> #REF! | HC11: =AND(Export!D6,"AAAAAFRdvNI=") -> #VALUE! | HD11: =AND(Export!E6,"AAAAAFRdvNM=") -> #VALUE! | HE11: =IF(Export!7:7,"AAAAAFRdvNQ=",0) -> 0 | HF11: =AND(Export!#REF!,"AAAAAFRdvNU=") -> #REF! | HG11: =AND(Export!#REF!,"AAAAAFRdvNY=") -> #REF! | HH11: =AND(Export!#REF!,"AAAAAFRdvNc=") -> #REF! | HI11: =AND(Export!#REF!,"AAAAAFRdvNg=") -> #REF! | HJ11: =AND(Export!#REF!,"AAAAAFRdvNk=") -> #REF! | HK11: =AND(Export!#REF!,"AAAAAFRdvNo=") -> #REF! | HL11: =AND(Export!#REF!,"AAAAAFRdvNs=") -> #REF! | HM11: =AND(Export!#REF!,"AAAAAFRdvNw=") -> #REF! | HN11: =AND(Export!D7,"AAAAAFRdvN0=") -> #VALUE! | HO11: =AND(Export!E7,"AAAAAFRdvN4=") -> #VALUE! | HP11: =IF(Export!8:8,"AAAAAFRdvN8=",0) -> 0 | HQ11: =AND(Export!#REF!,"AAAAAFRdvOA=") -> #REF! | HR11: =AND(Export!#REF!,"AAAAAFRdvOE=") -> #REF! | HS11: =AND(Export!#REF!,"AAAAAFRdvOI=") -> #REF! | HT11: =AND(Export!#REF!,"AAAAAFRdvOM=") -> #REF! | HU11: =AND(Export!#REF!,"AAAAAFRdvOQ=") -> #REF! | HV11: =AND(Export!#REF!,"AAAAAFRdvOU=") -> #REF! | HW11: =AND(Export!#REF!,"AAAAAFRdvOY=") -> #REF! | HX11: =AND(Export!#REF!,"AAAAAFRdvOc=") -> #REF! | HY11: =AND(Export!D8,"AAAAAFRdvOg=") -> #VALUE! | HZ11: =AND(Export!E8,"AAAAAFRdvOk=") -> #VALUE! | IA11: =IF(Export!9:9,"AAAAAFRdvOo=",0) -> 0 | IB11: =AND(Export!#REF!,"AAAAAFRdvOs=") -> #REF! | IC11: =AND(Export!#REF!,"AAAAAFRdvOw=") -> #REF! | ID11: =AND(Export!#REF!,"AAAAAFRdvO0=") -> #REF! | IE11: =AND(Export!#REF!,"AAAAAFRdvO4=") -> #REF! | IF11: =AND(Export!#REF!,"AAAAAFRdvO8=") -> #REF! | IG11: =AND(Export!#REF!,"AAAAAFRdvPA=") -> #REF! | IH11: =AND(Export!#REF!,"AAAAAFRdvPE=") -> #REF! | II11: =AND(Export!#REF!,"AAAAAFRdvPI=") -> #REF! | IJ11: =AND(Export!D9,"AAAAAFRdvPM=") -> #VALUE! | IK11: =AND(Export!E9,"AAAAAFRdvPQ=") -> #VALUE! | IL11: =IF(Export!#REF!,"AAAAAFRdvPU=",0) -> #REF! | IM11: =AND(Export!#REF!,"AAAAAFRdvPY=") -> #REF! | IN11: =AND(Export!#REF!,"AAAAAFRdvPc=") -> #REF! | IO11: =AND(Export!#REF!,"AAAAAFRdvPg=") -> #REF! | IP11: =AND(Export!#REF!,"AAAAAFRdvPk=") -> #REF! | IQ11: =AND(Export!#REF!,"AAAAAFRdvPo=") -> #REF! | IR11: =AND(Export!#REF!,"AAAAAFRdvPs=") -> #REF! | IS11: =AND(Export!#REF!,"AAAAAFRdvPw=") -> #REF! | IT11: =AND(Export!#REF!,"AAAAAFRdvP0=") -> #REF! | IU11: =AND(Export!#REF!,"AAAAAFRdvP4=") -> #REF! | IV11: =AND(Export!#REF!,"AAAAAFRdvP8=") -> #REF!
A12: =IF(Export!#REF!,"AAAAAH7v/QA=",0) -> #REF! | B12: =AND(Export!#REF!,"AAAAAH7v/QE=") -> #REF! | C12: =AND(Export!#REF!,"AAAAAH7v/QI=") -> #REF! | D12: =AND(Export!#REF!,"AAAAAH7v/QM=") -> #REF! | E12: =AND(Export!#REF!,"AAAAAH7v/QQ=") -> #REF! | F12: =AND(Export!#REF!,"AAAAAH7v/QU=") -> #REF! | G12: =AND(Export!#REF!,"AAAAAH7v/QY=") -> #REF! | H12: =AND(Export!#REF!,"AAAAAH7v/Qc=") -> #REF! | I12: =AND(Export!#REF!,"AAAAAH7v/Qg=") -> #REF! | J12: =AND(Export!#REF!,"AAAAAH7v/Qk=") -> #REF! | K12: =AND(Export!#REF!,"AAAAAH7v/Qo=") -> #REF! | L12: =IF(Export!#REF!,"AAAAAH7v/Qs=",0) -> #REF! | M12: =AND(Export!#REF!,"AAAAAH7v/Qw=") -> #REF! | N12: =AND(Export!#REF!,"AAAAAH7v/Q0=") -> #REF! | O12: =AND(Export!#REF!,"AAAAAH7v/Q4=") -> #REF! | P12: =AND(Export!#REF!,"AAAAAH7v/Q8=") -> #REF! | Q12: =AND(Export!#REF!,"AAAAAH7v/RA=") -> #REF! | R12: =AND(Export!#REF!,"AAAAAH7v/RE=") -> #REF! | S12: =AND(Export!#REF!,"AAAAAH7v/RI=") -> #REF! | T12: =AND(Export!#REF!,"AAAAAH7v/RM=") -> #REF! | U12: =AND(Export!#REF!,"AAAAAH7v/RQ=") -> #REF! | V12: =AND(Export!#REF!,"AAAAAH7v/RU=") -> #REF! | W12: =IF(Export!10:10,"AAAAAH7v/RY=",0) -> 0 | X12: =AND(Export!#REF!,"AAAAAH7v/Rc=") -> #REF! | Y12: =AND(Export!#REF!,"AAAAAH7v/Rg=") -> #REF! | Z12: =AND(Export!#REF!,"AAAAAH7v/Rk=") -> #REF! | AA12: =AND(Export!#REF!,"AAAAAH7v/Ro=") -> #REF! | AB12: =AND(Export!#REF!,"AAAAAH7v/Rs=") -> #REF! | AC12: =AND(Export!#REF!,"AAAAAH7v/Rw=") -> #REF! | AD12: =AND(Export!#REF!,"AAAAAH7v/R0=") -> #REF! | AE12: =AND(Export!#REF!,"AAAAAH7v/R4=") -> #REF! | AF12: =AND(Export!D10,"AAAAAH7v/R8=") -> #VALUE! | AG12: =AND(Export!E10,"AAAAAH7v/SA=") -> #VALUE! | AH12: =IF(Export!#REF!,"AAAAAH7v/SE=",0) -> #REF! | AI12: =AND(Export!#REF!,"AAAAAH7v/SI=") -> #REF! | AJ12: =AND(Export!#REF!,"AAAAAH7v/SM=") -> #REF! | AK12: =AND(Export!#REF!,"AAAAAH7v/SQ=") -> #REF! | AL12: =AND(Export!#REF!,"AAAAAH7v/SU=") -> #REF! | AM12: =AND(Export!#REF!,"AAAAAH7v/SY=") -> #REF! | AN12: =AND(Export!#REF!,"AAAAAH7v/Sc=") -> #REF! | AO12: =AND(Export!#REF!,"AAAAAH7v/Sg=") -> #REF! | AP12: =AND(Export!#REF!,"AAAAAH7v/Sk=") -> #REF! | AQ12: =AND(Export!#REF!,"AAAAAH7v/So=") -> #REF! | AR12: =AND(Export!#REF!,"AAAAAH7v/Ss=") -> #REF! | AS12: =IF(Export!#REF!,"AAAAAH7v/Sw=",0) -> #REF! | AT12: =AND(Export!#REF!,"AAAAAH7v/S0=") -> #REF! | AU12: =AND(Export!#REF!,"AAAAAH7v/S4=") -> #REF! | AV12: =AND(Export!#REF!,"AAAAAH7v/S8=") -> #REF! | AW12: =AND(Export!#REF!,"AAAAAH7v/TA=") -> #REF! | AX12: =AND(Export!#REF!,"AAAAAH7v/TE=") -> #REF! | AY12: =AND(Export!#REF!,"AAAAAH7v/TI=") -> #REF! | AZ12: =AND(Export!#REF!,"AAAAAH7v/TM=") -> #REF! | BA12: =AND(Export!#REF!,"AAAAAH7v/TQ=") -> #REF! | BB12: =AND(Export!#REF!,"AAAAAH7v/TU=") -> #REF! | BC12: =AND(Export!#REF!,"AAAAAH7v/TY=") -> #REF! | BD12: =IF(Export!#REF!,"AAAAAH7v/Tc=",0) -> #REF! | BE12: =AND(Export!#REF!,"AAAAAH7v/Tg=") -> #REF! | BF12: =AND(Export!#REF!,"AAAAAH7v/Tk=") -> #REF! | BG12: =AND(Export!#REF!,"AAAAAH7v/To=") -> #REF! | BH12: =AND(Export!#REF!,"AAAAAH7v/Ts=") -> #REF! | BI12: =AND(Export!#REF!,"AAAAAH7v/Tw=") -> #REF! | BJ12: =AND(Export!#REF!,"AAAAAH7v/T0=") -> #REF! | BK12: =AND(Export!#REF!,"AAAAAH7v/T4=") -> #REF! | BL12: =AND(Export!#REF!,"AAAAAH7v/T8=") -> #REF! | BM12: =AND(Export!#REF!,"AAAAAH7v/UA=") -> #REF! | BN12: =AND(Export!#REF!,"AAAAAH7v/UE=") -> #REF! | BO12: =IF(Export!24:24,"AAAAAH7v/UI=",0) -> 0 | BP12: =AND(Export!#REF!,"AAAAAH7v/UM=") -> #REF! | BQ12: =AND(Export!#REF!,"AAAAAH7v/UQ=") -> #REF! | BR12: =AND(Export!#REF!,"AAAAAH7v/UU=") -> #REF! | BS12: =AND(Export!#REF!,"AAAAAH7v/UY=") -> #REF! | BT12: =AND(Export!#REF!,"AAAAAH7v/Uc=") -> #REF! | BU12: =AND(Export!#REF!,"AAAAAH7v/Ug=") -> #REF! | BV12: =AND(Export!#REF!,"AAAAAH7v/Uk=") -> #REF! | BW12: =AND(Export!#REF!,"AAAAAH7v/Uo=") -> #REF! | BX12: =AND(Export!D24,"AAAAAH7v/Us=") -> #VALUE! | BY12: =AND(Export!E24,"AAAAAH7v/Uw=") -> #VALUE! | BZ12: =IF(Export!25:25,"AAAAAH7v/U0=",0) -> 0 | CA12: =AND(Export!#REF!,"AAAAAH7v/U4=") -> #REF! | CB12: =AND(Export!#REF!,"AAAAAH7v/U8=") -> #REF! | CC12: =AND(Export!#REF!,"AAAAAH7v/VA=") -> #REF! | CD12: =AND(Export!#REF!,"AAAAAH7v/VE=") -> #REF! | CE12: =AND(Export!#REF!,"AAAAAH7v/VI=") -> #REF! | CF12: =AND(Export!#REF!,"AAAAAH7v/VM=") -> #REF! | CG12: =AND(Export!#REF!,"AAAAAH7v/VQ=") -> #REF! | CH12: =AND(Export!#REF!,"AAAAAH7v/VU=") -> #REF! | CI12: =AND(Export!D25,"AAAAAH7v/VY=") -> #VALUE! | CJ12: =AND(Export!E25,"AAAAAH7v/Vc=") -> #VALUE! | CK12: =IF(Export!#REF!,"AAAAAH7v/Vg=",0) -> #REF! | CL12: =IF(_xlfn.SINGLE(Export!#REF!),"AAAAAH7v/Vk=",0) -> #REF! | CM12: =IF(_xlfn.SINGLE(Export!#REF!),"AAAAAH7v/Vo=",0) -> #REF! | CN12: =IF(_xlfn.SINGLE(Export!#REF!),"AAAAAH7v/Vs=",0) -> #REF! | CO12: =IF(_xlfn.SINGLE(Export!#REF!),"AAAAAH7v/Vw=",0) -> #REF! | CP12: =IF(_xlfn.SINGLE(Export!#REF!),"AAAAAH7v/V0=",0) -> #REF! | CQ12: =IF(_xlfn.SINGLE(Export!#REF!),"AAAAAH7v/V4=",0) -> #REF! | CR12: =IF(_xlfn.SINGLE(Export!#REF!),"AAAAAH7v/V8=",0) -> #REF! | CS12: =IF(_xlfn.SINGLE(Export!#REF!),"AAAAAH7v/WA=",0) -> #REF! | CT12: =IF(_xlfn.SINGLE(Export!#REF!),"AAAAAH7v/WE=",0) -> #REF! | CU12: =IF(_xlfn.SINGLE(Export!#REF!),"AAAAAH7v/WI=",0) -> #REF! | CV12: =IF(Export!26:26,"AAAAAH7v/WM=",0) -> 0 | CW12: =IF(_xlfn.SINGLE(Export!#REF!),"AAAAAH7v/WQ=",0) -> #REF! | CX12: =IF(Export!27:27,"AAAAAH7v/WU=",0) -> 0 | CY12: =IF(Export!28:28,"AAAAAH7v/WY=",0) -> 0 | CZ12: =IF(Export!#REF!,"AAAAAH7v/Wc=",0) -> #REF! | DA12: =IF(Export!#REF!,"AAAAAH7v/Wg=",0) -> #REF! | DB12: =IF(Export!#REF!,"AAAAAH7v/Wk=",0) -> #REF! | DC12: =IF(Export!#REF!,"AAAAAH7v/Wo=",0) -> #REF! | DD12: =IF(Export!#REF!,"AAAAAH7v/Ws=",0) -> #REF! | DE12: =IF(_xlfn.SINGLE(Export!#REF!),"AAAAAH7v/Ww=",0) -> #REF! | DF12: =IF(_xlfn.SINGLE(Export!#REF!),"AAAAAH7v/W0=",0) -> #REF! | DG12: =IF(_xlfn.SINGLE(Export!#REF!),"AAAAAH7v/W4=",0) -> #REF! | DH12: =IF(Export!D:D,"AAAAAH7v/W8=",0) -> 0 | DI12: =IF(Export!E:E,"AAAAAH7v/XA=",0) -> 0 | DJ12: =IF(#REF!,"AAAAAH7v/XE=",0) -> #REF! | DK12: =AND(#REF!,"AAAAAH7v/XI=") -> #REF! | DL12: =IF(#REF!,"AAAAAH7v/XM=",0) -> #REF! | DM12: =IF("N",AnimType,"AAAAAH7v/XQ=") -> #VALUE! | DN12: =IF("N",LoopType,"AAAAAH7v/XU=") -> #VALUE! | DO12: =IF("N",SoundType,"AAAAAH7v/XY=") -> #VALUE!
A13: =IF(Database!1:1,"AAAAAB///QA=",0) -> #VALUE! | B13: =AND(Database!A1,"AAAAAB///QE=") -> #VALUE! | C13: =AND(Database!#REF!,"AAAAAB///QI=") -> #REF! | D13: =AND(Database!#REF!,"AAAAAB///QM=") -> #REF! | E13: =AND(Database!#REF!,"AAAAAB///QQ=") -> #REF! | F13: =AND(Database!#REF!,"AAAAAB///QU=") -> #REF! | G13: =AND(Database!#REF!,"AAAAAB///QY=") -> #REF! | H13: =AND(Database!#REF!,"AAAAAB///Qc=") -> #REF! | I13: =AND(Database!#REF!,"AAAAAB///Qg=") -> #REF! | J13: =AND(Database!#REF!,"AAAAAB///Qk=") -> #REF! | K13: =AND(Database!#REF!,"AAAAAB///Qo=") -> #REF! | L13: =AND(Database!#REF!,"AAAAAB///Qs=") -> #REF! | M13: =AND(Database!#REF!,"AAAAAB///Qw=") -> #REF! | N13: =IF("N",Klass,"AAAAAB///Q0=") -> #VALUE!
A14: =AND(Database!#REF!,"AAAAAF/+6QA=") -> #REF! | B14: =AND(Database!#REF!,"AAAAAF/+6QE=") -> #REF! | C14: =AND(Database!#REF!,"AAAAAF/+6QI=") -> #REF! | D14: =AND(Database!#REF!,"AAAAAF/+6QM=") -> #REF! | E14: =AND(Database!#REF!,"AAAAAF/+6QQ=") -> #REF! | F14: =AND(Database!#REF!,"AAAAAF/+6QU=") -> #REF! | G14: =AND(Database!#REF!,"AAAAAF/+6QY=") -> #REF! | H14: =AND(Database!#REF!,"AAAAAF/+6Qc=") -> #REF! | I14: =AND(Database!#REF!,"AAAAAF/+6Qg=") -> #REF! | J14: =AND(Database!#REF!,"AAAAAF/+6Qk=") -> #REF! | K14: =AND(Database!#REF!,"AAAAAF/+6Qo=") -> #REF! | L14: =AND(Database!#REF!,"AAAAAF/+6Qs=") -> #REF! | M14: =AND(Database!#REF!,"AAAAAF/+6Qw=") -> #REF! | N14: =AND(Database!#REF!,"AAAAAF/+6Q0=") -> #REF! | O14: =AND(Database!#REF!,"AAAAAF/+6Q4=") -> #REF! | P14: =AND(Database!#REF!,"AAAAAF/+6Q8=") -> #REF! | Q14: =IF(Database!3:3,"AAAAAF/+6RA=",0) -> #VALUE! | R14: =AND(Database!A3,"AAAAAF/+6RE=") -> #VALUE! | S14: =AND(Database!#REF!,"AAAAAF/+6RI=") -> #REF! | T14: =AND(Database!#REF!,"AAAAAF/+6RM=") -> #REF! | U14: =AND(Database!#REF!,"AAAAAF/+6RQ=") -> #REF! | V14: =AND(Database!#REF!,"AAAAAF/+6RU=") -> #REF! | W14: =AND(Database!#REF!,"AAAAAF/+6RY=") -> #REF! | X14: =AND(Database!#REF!,"AAAAAF/+6Rc=") -> #REF! | Y14: =AND(Database!#REF!,"AAAAAF/+6Rg=") -> #REF! | Z14: =AND(Database!#REF!,"AAAAAF/+6Rk=") -> #REF! | AA14: =AND(Database!#REF!,"AAAAAF/+6Ro=") -> #REF! | AB14: =AND(Database!#REF!,"AAAAAF/+6Rs=") -> #REF! | AC14: =AND(Database!#REF!,"AAAAAF/+6Rw=") -> #REF! | AD14: =AND(Database!#REF!,"AAAAAF/+6R0=") -> #REF! | AE14: =AND(Database!#REF!,"AAAAAF/+6R4=") -> #REF! | AF14: =AND(Database!#REF!,"AAAAAF/+6R8=") -> #REF! | AG14: =AND(Database!#REF!,"AAAAAF/+6SA=") -> #REF! | AH14: =AND(Database!#REF!,"AAAAAF/+6SE=") -> #REF! | AI14: =AND(Database!#REF!,"AAAAAF/+6SI=") -> #REF! | AJ14: =AND(Database!#REF!,"AAAAAF/+6SM=") -> #REF! | AK14: =AND(Database!#REF!,"AAAAAF/+6SQ=") -> #REF! | AL14: =AND(Database!#REF!,"AAAAAF/+6SU=") -> #REF! | AM14: =AND(Database!#REF!,"AAAAAF/+6SY=") -> #REF! | AN14: =AND(Database!#REF!,"AAAAAF/+6Sc=") -> #REF! | AO14: =AND(Database!#REF!,"AAAAAF/+6Sg=") -> #REF! | AP14: =AND(Database!#REF!,"AAAAAF/+6Sk=") -> #REF! | AQ14: =AND(Database!#REF!,"AAAAAF/+6So=") -> #REF! | AR14: =AND(Database!#REF!,"AAAAAF/+6Ss=") -> #REF! | AS14: =AND(Database!#REF!,"AAAAAF/+6Sw=") -> #REF! | AT14: =AND(Database!#REF!,"AAAAAF/+6S0=") -> #REF! | AU14: =AND(Database!#REF!,"AAAAAF/+6S4=") -> #REF! | AV14: =AND(Database!#REF!,"AAAAAF/+6S8=") -> #REF! | AW14: =AND(Database!#REF!,"AAAAAF/+6TA=") -> #REF! | AX14: =AND(Database!#REF!,"AAAAAF/+6TE=") -> #REF! | AY14: =AND(Database!#REF!,"AAAAAF/+6TI=") -> #REF! | AZ14: =AND(Database!#REF!,"AAAAAF/+6TM=") -> #REF! | BA14: =AND(Database!#REF!,"AAAAAF/+6TQ=") -> #REF! | BB14: =AND(Database!#REF!,"AAAAAF/+6TU=") -> #REF! | BC14: =AND(Database!#REF!,"AAAAAF/+6TY=") -> #REF! | BD14: =AND(Database!#REF!,"AAAAAF/+6Tc=") -> #REF! | BE14: =AND(Database!#REF!,"AAAAAF/+6Tg=") -> #REF! | BF14: =AND(Database!#REF!,"AAAAAF/+6Tk=") -> #REF! | BG14: =AND(Database!#REF!,"AAAAAF/+6To=") -> #REF! | BH14: =AND(Database!#REF!,"AAAAAF/+6Ts=") -> #REF! | BI14: =AND(Database!#REF!,"AAAAAF/+6Tw=") -> #REF! | BJ14: =AND(Database!#REF!,"AAAAAF/+6T0=") -> #REF! | BK14: =AND(Database!#REF!,"AAAAAF/+6T4=") -> #REF! | BL14: =AND(Database!#REF!,"AAAAAF/+6T8=") -> #REF! | BM14: =AND(Database!#REF!,"AAAAAF/+6UA=") -> #REF! | BN14: =AND(Database!#REF!,"AAAAAF/+6UE=") -> #REF! | BO14: =AND(Database!#REF!,"AAAAAF/+6UI=") -> #REF! | BP14: =AND(Database!#REF!,"AAAAAF/+6UM=") -> #REF! | BQ14: =AND(Database!#REF!,"AAAAAF/+6UQ=") -> #REF! | BR14: =AND(Database!#REF!,"AAAAAF/+6UU=") -> #REF! | BS14: =AND(Database!#REF!,"AAAAAF/+6UY=") -> #REF! | BT14: =AND(Database!#REF!,"AAAAAF/+6Uc=") -> #REF! | BU14: =AND(Database!#REF!,"AAAAAF/+6Ug=") -> #REF! | BV14: =AND(Database!#REF!,"AAAAAF/+6Uk=") -> #REF! | BW14: =AND(Database!#REF!,"AAAAAF/+6Uo=") -> #REF! | BX14: =AND(Database!#REF!,"AAAAAF/+6Us=") -> #REF! | BY14: =AND(Database!#REF!,"AAAAAF/+6Uw=") -> #REF! | BZ14: =AND(Database!#REF!,"AAAAAF/+6U0=") -> #REF! | CA14: =AND(Database!#REF!,"AAAAAF/+6U4=") -> #REF! | CB14: =AND(Database!#REF!,"AAAAAF/+6U8=") -> #REF! | CC14: =AND(Database!#REF!,"AAAAAF/+6VA=") -> #REF! | CD14: =AND(Database!#REF!,"AAAAAF/+6VE=") -> #REF! | CE14: =AND(Database!#REF!,"AAAAAF/+6VI=") -> #REF! | CF14: =AND(Database!#REF!,"AAAAAF/+6VM=") -> #REF! | CG14: =AND(Database!#REF!,"AAAAAF/+6VQ=") -> #REF! | CH14: =AND(Database!#REF!,"AAAAAF/+6VU=") -> #REF! | CI14: =AND(Database!#REF!,"AAAAAF/+6VY=") -> #REF! | CJ14: =AND(Database!#REF!,"AAAAAF/+6Vc=") -> #REF! | CK14: =AND(Database!#REF!,"AAAAAF/+6Vg=") -> #REF! | CL14: =AND(Database!#REF!,"AAAAAF/+6Vk=") -> #REF! | CM14: =AND(Database!#REF!,"AAAAAF/+6Vo=") -> #REF! | CN14: =AND(Database!#REF!,"AAAAAF/+6Vs=") -> #REF! | CO14: =AND(Database!#REF!,"AAAAAF/+6Vw=") -> #REF! | CP14: =AND(Database!#REF!,"AAAAAF/+6V0=") -> #REF! | CQ14: =AND(Database!#REF!,"AAAAAF/+6V4=") -> #REF! | CR14: =AND(Database!#REF!,"AAAAAF/+6V8=") -> #REF! | CS14: =AND(Database!#REF!,"AAAAAF/+6WA=") -> #REF! | CT14: =AND(Database!#REF!,"AAAAAF/+6WE=") -> #REF! | CU14: =AND(Database!#REF!,"AAAAAF/+6WI=") -> #REF! | CV14: =AND(Database!#REF!,"AAAAAF/+6WM=") -> #REF! | CW14: =AND(Database!#REF!,"AAAAAF/+6WQ=") -> #REF! | CX14: =AND(Database!#REF!,"AAAAAF/+6WU=") -> #REF! | CY14: =AND(Database!#REF!,"AAAAAF/+6WY=") -> #REF! | CZ14: =AND(Database!#REF!,"AAAAAF/+6Wc=") -> #REF! | DA14: =AND(Database!#REF!,"AAAAAF/+6Wg=") -> #REF! | DB14: =AND(Database!#REF!,"AAAAAF/+6Wk=") -> #REF! | DC14: =AND(Database!#REF!,"AAAAAF/+6Wo=") -> #REF! | DD14: =AND(Database!#REF!,"AAAAAF/+6Ws=") -> #REF! | DE14: =AND(Database!#REF!,"AAAAAF/+6Ww=") -> #REF! | DF14: =AND(Database!#REF!,"AAAAAF/+6W0=") -> #REF! | DG14: =AND(Database!#REF!,"AAAAAF/+6W4=") -> #REF! | DH14: =AND(Database!#REF!,"AAAAAF/+6W8=") -> #REF! | DI14: =AND(Database!#REF!,"AAAAAF/+6XA=") -> #REF! | DJ14: =AND(Database!#REF!,"AAAAAF/+6XE=") -> #REF! | DK14: =AND(Database!#REF!,"AAAAAF/+6XI=") -> #REF! | DL14: =AND(Database!#REF!,"AAAAAF/+6XM=") -> #REF! | DM14: =AND(Database!#REF!,"AAAAAF/+6XQ=") -> #REF! | DN14: =AND(Database!#REF!,"AAAAAF/+6XU=") -> #REF! | DO14: =AND(Database!#REF!,"AAAAAF/+6XY=") -> #REF! | DP14: =AND(Database!#REF!,"AAAAAF/+6Xc=") -> #REF! | DQ14: =AND(Database!#REF!,"AAAAAF/+6Xg=") -> #REF! | DR14: =AND(Database!#REF!,"AAAAAF/+6Xk=") -> #REF! | DS14: =AND(Database!#REF!,"AAAAAF/+6Xo=") -> #REF! | DT14: =AND(Database!#REF!,"AAAAAF/+6Xs=") -> #REF! | DU14: =AND(Database!#REF!,"AAAAAF/+6Xw=") -> #REF! | DV14: =AND(Database!#REF!,"AAAAAF/+6X0=") -> #REF! | DW14: =AND(Database!#REF!,"AAAAAF/+6X4=") -> #REF! | DX14: =AND(Database!#REF!,"AAAAAF/+6X8=") -> #REF! | DY14: =AND(Database!#REF!,"AAAAAF/+6YA=") -> #REF! | DZ14: =AND(Database!#REF!,"AAAAAF/+6YE=") -> #REF! | EA14: =AND(Database!#REF!,"AAAAAF/+6YI=") -> #REF! | EB14: =AND(Database!#REF!,"AAAAAF/+6YM=") -> #REF! | EC14: =AND(Database!#REF!,"AAAAAF/+6YQ=") -> #REF! | ED14: =AND(Database!#REF!,"AAAAAF/+6YU=") -> #REF! | EE14: =AND(Database!#REF!,"AAAAAF/+6YY=") -> #REF! | EF14: =AND(Database!#REF!,"AAAAAF/+6Yc=") -> #REF! | EG14: =AND(Database!#REF!,"AAAAAF/+6Yg=") -> #REF! | EH14: =AND(Database!#REF!,"AAAAAF/+6Yk=") -> #REF! | EI14: =AND(Database!#REF!,"AAAAAF/+6Yo=") -> #REF! | EJ14: =AND(Database!#REF!,"AAAAAF/+6Ys=") -> #REF! | EK14: =AND(Database!#REF!,"AAAAAF/+6Yw=") -> #REF! | EL14: =AND(Database!#REF!,"AAAAAF/+6Y0=") -> #REF! | EM14: =AND(Database!#REF!,"AAAAAF/+6Y4=") -> #REF! | EN14: =AND(Database!#REF!,"AAAAAF/+6Y8=") -> #REF! | EO14: =AND(Database!#REF!,"AAAAAF/+6ZA=") -> #REF! | EP14: =AND(Database!#REF!,"AAAAAF/+6ZE=") -> #REF! | EQ14: =AND(Database!#REF!,"AAAAAF/+6ZI=") -> #REF! | ER14: =AND(Database!#REF!,"AAAAAF/+6ZM=") -> #REF! | ES14: =AND(Database!#REF!,"AAAAAF/+6ZQ=") -> #REF! | ET14: =AND(Database!#REF!,"AAAAAF/+6ZU=") -> #REF! | EU14: =AND(Database!#REF!,"AAAAAF/+6ZY=") -> #REF! | EV14: =AND(Database!#REF!,"AAAAAF/+6Zc=") -> #REF! | EW14: =AND(Database!#REF!,"AAAAAF/+6Zg=") -> #REF! | EX14: =AND(Database!#REF!,"AAAAAF/+6Zk=") -> #REF! | EY14: =AND(Database!#REF!,"AAAAAF/+6Zo=") -> #REF! | EZ14: =AND(Database!#REF!,"AAAAAF/+6Zs=") -> #REF! | FA14: =AND(Database!#REF!,"AAAAAF/+6Zw=") -> #REF! | FB14: =AND(Database!#REF!,"AAAAAF/+6Z0=") -> #REF! | FC14: =AND(Database!#REF!,"AAAAAF/+6Z4=") -> #REF! | FD14: =AND(Database!#REF!,"AAAAAF/+6Z8=") -> #REF! | FE14: =AND(Database!#REF!,"AAAAAF/+6aA=") -> #REF! | FF14: =AND(Database!#REF!,"AAAAAF/+6aE=") -> #REF! | FG14: =AND(Database!#REF!,"AAAAAF/+6aI=") -> #REF! | FH14: =AND(Database!#REF!,"AAAAAF/+6aM=") -> #REF! | FI14: =AND(Database!#REF!,"AAAAAF/+6aQ=") -> #REF! | FJ14: =AND(Database!#REF!,"AAAAAF/+6aU=") -> #REF! | FK14: =AND(Database!#REF!,"AAAAAF/+6aY=") -> #REF! | FL14: =AND(Database!#REF!,"AAAAAF/+6ac=") -> #REF! | FM14: =AND(Database!#REF!,"AAAAAF/+6ag=") -> #REF! | FN14: =AND(Database!#REF!,"AAAAAF/+6ak=") -> #REF! | FO14: =AND(Database!#REF!,"AAAAAF/+6ao=") -> #REF! | FP14: =AND(Database!#REF!,"AAAAAF/+6as=") -> #REF! | FQ14: =AND(Database!#REF!,"AAAAAF/+6aw=") -> #REF! | FR14: =AND(Database!#REF!,"AAAAAF/+6a0=") -> #REF! | FS14: =AND(Database!#REF!,"AAAAAF/+6a4=") -> #REF! | FT14: =AND(Database!#REF!,"AAAAAF/+6a8=") -> #REF! | FU14: =AND(Database!#REF!,"AAAAAF/+6bA=") -> #REF! | FV14: =AND(Database!#REF!,"AAAAAF/+6bE=") -> #REF! | FW14: =AND(Database!#REF!,"AAAAAF/+6bI=") -> #REF! | FX14: =AND(Database!#REF!,"AAAAAF/+6bM=") -> #REF! | FY14: =AND(Database!#REF!,"AAAAAF/+6bQ=") -> #REF! | FZ14: =AND(Database!#REF!,"AAAAAF/+6bU=") -> #REF! | GA14: =AND(Database!#REF!,"AAAAAF/+6bY=") -> #REF! | GB14: =AND(Database!#REF!,"AAAAAF/+6bc=") -> #REF! | GC14: =AND(Database!#REF!,"AAAAAF/+6bg=") -> #REF! | GD14: =AND(Database!#REF!,"AAAAAF/+6bk=") -> #REF! | GE14: =AND(Database!#REF!,"AAAAAF/+6bo=") -> #REF! | GF14: =AND(Database!#REF!,"AAAAAF/+6bs=") -> #REF! | GG14: =AND(Database!#REF!,"AAAAAF/+6bw=") -> #REF! | GH14: =AND(Database!#REF!,"AAAAAF/+6b0=") -> #REF! | GI14: =AND(Database!#REF!,"AAAAAF/+6b4=") -> #REF! | GJ14: =AND(Database!#REF!,"AAAAAF/+6b8=") -> #REF! | GK14: =AND(Database!#REF!,"AAAAAF/+6cA=") -> #REF! | GL14: =AND(Database!#REF!,"AAAAAF/+6cE=") -> #REF! | GM14: =AND(Database!#REF!,"AAAAAF/+6cI=") -> #REF! | GN14: =AND(Database!#REF!,"AAAAAF/+6cM=") -> #REF! | GO14: =AND(Database!#REF!,"AAAAAF/+6cQ=") -> #REF! | GP14: =AND(Database!#REF!,"AAAAAF/+6cU=") -> #REF! | GQ14: =AND(Database!#REF!,"AAAAAF/+6cY=") -> #REF! | GR14: =AND(Database!#REF!,"AAAAAF/+6cc=") -> #REF! | GS14: =AND(Database!#REF!,"AAAAAF/+6cg=") -> #REF! | GT14: =AND(Database!#REF!,"AAAAAF/+6ck=") -> #REF! | GU14: =AND(Database!#REF!,"AAAAAF/+6co=") -> #REF! | GV14: =AND(Database!#REF!,"AAAAAF/+6cs=") -> #REF! | GW14: =AND(Database!#REF!,"AAAAAF/+6cw=") -> #REF! | GX14: =AND(Database!#REF!,"AAAAAF/+6c0=") -> #REF! | GY14: =AND(Database!#REF!,"AAAAAF/+6c4=") -> #REF! | GZ14: =AND(Database!#REF!,"AAAAAF/+6c8=") -> #REF! | HA14: =AND(Database!#REF!,"AAAAAF/+6dA=") -> #REF! | HB14: =AND(Database!#REF!,"AAAAAF/+6dE=") -> #REF! | HC14: =AND(Database!#REF!,"AAAAAF/+6dI=") -> #REF! | HD14: =AND(Database!#REF!,"AAAAAF/+6dM=") -> #REF! | HE14: =AND(Database!#REF!,"AAAAAF/+6dQ=") -> #REF! | HF14: =IF(Database!#REF!,"AAAAAF/+6dU=",0) -> #REF! | HG14: =IF(Database!#REF!,"AAAAAF/+6dY=",0) -> #REF! | HH14: =IF(Database!#REF!,"AAAAAF/+6dc=",0) -> #REF! | HI14: =IF(Database!#REF!,"AAAAAF/+6dg=",0) -> #REF! | HJ14: =IF(Database!#REF!,"AAAAAF/+6dk=",0) -> #REF! | HK14: =IF(Database!#REF!,"AAAAAF/+6do=",0) -> #REF! | HL14: =IF(Database!#REF!,"AAAAAF/+6ds=",0) -> #REF! | HM14: =IF(Database!#REF!,"AAAAAF/+6dw=",0) -> #REF! | HN14: =AND(#REF!,"AAAAAF/+6d0=") -> #REF! | HO14: =AND(#REF!,"AAAAAF/+6d4=") -> #REF! | HP14: =AND(#REF!,"AAAAAF/+6d8=") -> #REF! | HQ14: =AND(#REF!,"AAAAAF/+6eA=") -> #REF! | HR14: =AND(#REF!,"AAAAAF/+6eE=") -> #REF! | HS14: AAAAAF/+6eI= | HT14: =IF("N",KaizinType,"AAAAAF/+6eM=") -> #VALUE!
A15: =AND(Database!#REF!,"AAAAAH+vfQA=") -> #REF! | B15: =AND(Database!#REF!,"AAAAAH+vfQE=") -> #REF! | C15: =AND(Database!#REF!,"AAAAAH+vfQI=") -> #REF! | D15: =AND(Database!#REF!,"AAAAAH+vfQM=") -> #REF! | E15: =AND(Database!#REF!,"AAAAAH+vfQQ=") -> #REF! | F15: =AND(Database!#REF!,"AAAAAH+vfQU=") -> #REF! | G15: =AND(Database!#REF!,"AAAAAH+vfQY=") -> #REF! | H15: =AND(Database!#REF!,"AAAAAH+vfQc=") -> #REF! | I15: =AND(Database!#REF!,"AAAAAH+vfQg=") -> #REF! | J15: =AND(Database!#REF!,"AAAAAH+vfQk=") -> #REF! | K15: =AND(Database!#REF!,"AAAAAH+vfQo=") -> #REF! | L15: =AND(Database!#REF!,"AAAAAH+vfQs=") -> #REF! | M15: =AND(Database!#REF!,"AAAAAH+vfQw=") -> #REF! | N15: =AND(Database!#REF!,"AAAAAH+vfQ0=") -> #REF! | O15: =AND(Database!#REF!,"AAAAAH+vfQ4=") -> #REF! | P15: =AND(Database!#REF!,"AAAAAH+vfQ8=") -> #REF! | Q15: =AND(Database!#REF!,"AAAAAH+vfRA=") -> #REF! | R15: =AND(Database!#REF!,"AAAAAH+vfRE=") -> #REF! | S15: =AND(Database!#REF!,"AAAAAH+vfRI=") -> #REF! | T15: =AND(Database!#REF!,"AAAAAH+vfRM=") -> #REF! | U15: =AND(Database!#REF!,"AAAAAH+vfRQ=") -> #REF! | V15: =AND(Database!#REF!,"AAAAAH+vfRU=") -> #REF! | W15: =AND(Database!#REF!,"AAAAAH+vfRY=") -> #REF! | X15: =AND(Database!#REF!,"AAAAAH+vfRc=") -> #REF! | Y15: =AND(Database!#REF!,"AAAAAH+vfRg=") -> #REF! | Z15: =AND(Database!#REF!,"AAAAAH+vfRk=") -> #REF! | AA15: =AND(Database!#REF!,"AAAAAH+vfRo=") -> #REF! | AB15: =AND(Database!#REF!,"AAAAAH+vfRs=") -> #REF! | AC15: =AND(Database!#REF!,"AAAAAH+vfRw=") -> #REF! | AD15: =AND(Database!#REF!,"AAAAAH+vfR0=") -> #REF! | AE15: =AND(Database!#REF!,"AAAAAH+vfR4=") -> #REF! | AF15: =AND(Database!#REF!,"AAAAAH+vfR8=") -> #REF! | AG15: =AND(Database!#REF!,"AAAAAH+vfSA=") -> #REF! | AH15: =AND(Database!#REF!,"AAAAAH+vfSE=") -> #REF! | AI15: =AND(Database!#REF!,"AAAAAH+vfSI=") -> #REF! | AJ15: =AND(Database!#REF!,"AAAAAH+vfSM=") -> #REF! | AK15: =AND(Database!#REF!,"AAAAAH+vfSQ=") -> #REF! | AL15: =AND(Database!#REF!,"AAAAAH+vfSU=") -> #REF! | AM15: =AND(Database!#REF!,"AAAAAH+vfSY=") -> #REF! | AN15: =AND(Database!#REF!,"AAAAAH+vfSc=") -> #REF! | AO15: =AND(Database!#REF!,"AAAAAH+vfSg=") -> #REF! | AP15: =AND(Database!#REF!,"AAAAAH+vfSk=") -> #REF! | AQ15: =AND(Database!#REF!,"AAAAAH+vfSo=") -> #REF! | AR15: =AND(Database!#REF!,"AAAAAH+vfSs=") -> #REF! | AS15: =AND(Database!#REF!,"AAAAAH+vfSw=") -> #REF! | AT15: =AND(Database!#REF!,"AAAAAH+vfS0=") -> #REF! | AU15: =AND(Database!#REF!,"AAAAAH+vfS4=") -> #REF! | AV15: =AND(Database!#REF!,"AAAAAH+vfS8=") -> #REF! | AW15: =AND(Database!#REF!,"AAAAAH+vfTA=") -> #REF! | AX15: =AND(Database!#REF!,"AAAAAH+vfTE=") -> #REF! | AY15: =IF(Database!#REF!,"AAAAAH+vfTI=",0) -> #REF! | AZ15: =IF(Database!#REF!,"AAAAAH+vfTM=",0) -> #REF! | BA15: =IF("N",AttackType,"AAAAAH+vfTQ=") -> #VALUE!
A16: =AND(#REF!,"AAAAAHPdZwA=") -> #REF! | B16: =AND(#REF!,"AAAAAHPdZwE=") -> #REF! | C16: =AND(#REF!,"AAAAAHPdZwI=") -> #REF! | D16: =AND(#REF!,"AAAAAHPdZwM=") -> #REF! | E16: =AND(#REF!,"AAAAAHPdZwQ=") -> #REF! | F16: =AND(#REF!,"AAAAAHPdZwU=") -> #REF! | G16: =AND(#REF!,"AAAAAHPdZwY=") -> #REF! | H16: =AND(#REF!,"AAAAAHPdZwc=") -> #REF! | I16: =AND(#REF!,"AAAAAHPdZwg=") -> #REF! | J16: =AND(#REF!,"AAAAAHPdZwk=") -> #REF! | K16: =AND(#REF!,"AAAAAHPdZwo=") -> #REF! | L16: =AND(#REF!,"AAAAAHPdZws=") -> #REF! | M16: =AND(#REF!,"AAAAAHPdZww=") -> #REF! | N16: =AND(#REF!,"AAAAAHPdZw0=") -> #REF! | O16: =AND(#REF!,"AAAAAHPdZw4=") -> #REF! | P16: =AND(#REF!,"AAAAAHPdZw8=") -> #REF! | Q16: =AND(#REF!,"AAAAAHPdZxA=") -> #REF! | R16: =AND(#REF!,"AAAAAHPdZxE=") -> #REF! | S16: =AND(#REF!,"AAAAAHPdZxI=") -> #REF! | T16: =AND(#REF!,"AAAAAHPdZxM=") -> #REF! | U16: =AND(#REF!,"AAAAAHPdZxQ=") -> #REF! | V16: =AND(#REF!,"AAAAAHPdZxU=") -> #REF! | W16: =AND(#REF!,"AAAAAHPdZxY=") -> #REF! | X16: =AND(#REF!,"AAAAAHPdZxc=") -> #REF! | Y16: =AND(#REF!,"AAAAAHPdZxg=") -> #REF! | Z16: =AND(#REF!,"AAAAAHPdZxk=") -> #REF! | AA16: =IF(#REF!,"AAAAAHPdZxo=",0) -> #REF! | AB16: =IF(#REF!,"AAAAAHPdZxs=",0) -> #REF!
A17: =AND(Export!#REF!,"AAAAAFn/2wA=") -> #REF! | B17: =AND(Export!#REF!,"AAAAAFn/2wE=") -> #REF! | C17: =AND(Export!#REF!,"AAAAAFn/2wI=") -> #REF! | D17: =AND(Export!#REF!,"AAAAAFn/2wM=") -> #REF! | E17: =AND(Export!#REF!,"AAAAAFn/2wQ=") -> #REF! | F17: =AND(Export!#REF!,"AAAAAFn/2wU=") -> #REF! | G17: =AND(Export!#REF!,"AAAAAFn/2wY=") -> #REF! | H17: =AND(Export!#REF!,"AAAAAFn/2wc=") -> #REF! | I17: =AND(Export!#REF!,"AAAAAFn/2wg=") -> #REF! | J17: =AND(Export!#REF!,"AAAAAFn/2wk=") -> #REF! | K17: =AND(Export!#REF!,"AAAAAFn/2wo=") -> #REF! | L17: =AND(Export!#REF!,"AAAAAFn/2ws=") -> #REF! | M17: =AND(Export!#REF!,"AAAAAFn/2ww=") -> #REF! | N17: =AND(Export!#REF!,"AAAAAFn/2w0=") -> #REF! | O17: =AND(Export!#REF!,"AAAAAFn/2w4=") -> #REF! | P17: =AND(Export!#REF!,"AAAAAFn/2w8=") -> #REF! | Q17: =AND(Export!#REF!,"AAAAAFn/2xA=") -> #REF! | R17: =AND(Export!#REF!,"AAAAAFn/2xE=") -> #REF! | S17: =AND(Export!#REF!,"AAAAAFn/2xI=") -> #REF! | T17: =AND(Export!#REF!,"AAAAAFn/2xM=") -> #REF! | U17: =AND(Export!#REF!,"AAAAAFn/2xQ=") -> #REF! | V17: =AND(Export!#REF!,"AAAAAFn/2xU=") -> #REF! | W17: =AND(Export!#REF!,"AAAAAFn/2xY=") -> #REF! | X17: =AND(Export!#REF!,"AAAAAFn/2xc=") -> #REF! | Y17: =AND(Export!#REF!,"AAAAAFn/2xg=") -> #REF! | Z17: =AND(Export!#REF!,"AAAAAFn/2xk=") -> #REF! | AA17: =AND(Export!#REF!,"AAAAAFn/2xo=") -> #REF! | AB17: =AND(Export!#REF!,"AAAAAFn/2xs=") -> #REF! | AC17: =AND(Export!#REF!,"AAAAAFn/2xw=") -> #REF! | AD17: =AND(Export!#REF!,"AAAAAFn/2x0=") -> #REF! | AE17: =AND(Export!#REF!,"AAAAAFn/2x4=") -> #REF! | AF17: =AND(Export!#REF!,"AAAAAFn/2x8=") -> #REF! | AG17: =AND(Export!#REF!,"AAAAAFn/2yA=") -> #REF! | AH17: =AND(Export!#REF!,"AAAAAFn/2yE=") -> #REF! | AI17: =AND(Export!#REF!,"AAAAAFn/2yI=") -> #REF! | AJ17: =AND(Export!#REF!,"AAAAAFn/2yM=") -> #REF! | AK17: =AND(Export!#REF!,"AAAAAFn/2yQ=") -> #REF! | AL17: =AND(Export!#REF!,"AAAAAFn/2yU=") -> #REF! | AM17: =AND(Export!#REF!,"AAAAAFn/2yY=") -> #REF! | AN17: =AND(Export!#REF!,"AAAAAFn/2yc=") -> #REF! | AO17: =AND(Export!#REF!,"AAAAAFn/2yg=") -> #REF! | AP17: =AND(Export!#REF!,"AAAAAFn/2yk=") -> #REF! | AQ17: =AND(Export!#REF!,"AAAAAFn/2yo=") -> #REF! | AR17: =AND(Export!#REF!,"AAAAAFn/2ys=") -> #REF! | AS17: =AND(Export!#REF!,"AAAAAFn/2yw=") -> #REF! | AT17: =AND(Export!#REF!,"AAAAAFn/2y0=") -> #REF! | AU17: =AND(Export!#REF!,"AAAAAFn/2y4=") -> #REF! | AV17: =AND(Export!#REF!,"AAAAAFn/2y8=") -> #REF! | AW17: =AND(Export!#REF!,"AAAAAFn/2zA=") -> #REF! | AX17: =AND(Export!#REF!,"AAAAAFn/2zE=") -> #REF! | AY17: =AND(Export!#REF!,"AAAAAFn/2zI=") -> #REF! | AZ17: =AND(Export!#REF!,"AAAAAFn/2zM=") -> #REF! | BA17: =AND(Export!#REF!,"AAAAAFn/2zQ=") -> #REF! | BB17: =AND(Export!#REF!,"AAAAAFn/2zU=") -> #REF! | BC17: =AND(Export!#REF!,"AAAAAFn/2zY=") -> #REF! | BD17: =AND(Export!#REF!,"AAAAAFn/2zc=") -> #REF! | BE17: =AND(Export!#REF!,"AAAAAFn/2zg=") -> #REF! | BF17: =AND(Export!#REF!,"AAAAAFn/2zk=") -> #REF! | BG17: =AND(Export!#REF!,"AAAAAFn/2zo=") -> #REF! | BH17: =AND(Export!#REF!,"AAAAAFn/2zs=") -> #REF! | BI17: =AND(Export!#REF!,"AAAAAFn/2zw=") -> #REF! | BJ17: =AND(Export!#REF!,"AAAAAFn/2z0=") -> #REF! | BK17: =AND(Export!#REF!,"AAAAAFn/2z4=") -> #REF! | BL17: =AND(Export!#REF!,"AAAAAFn/2z8=") -> #REF! | BM17: =AND(Export!#REF!,"AAAAAFn/20A=") -> #REF! | BN17: =AND(Export!#REF!,"AAAAAFn/20E=") -> #REF! | BO17: =AND(Export!#REF!,"AAAAAFn/20I=") -> #REF! | BP17: =AND(Export!#REF!,"AAAAAFn/20M=") -> #REF! | BQ17: =AND(Export!#REF!,"AAAAAFn/20Q=") -> #REF! | BR17: =AND(Export!#REF!,"AAAAAFn/20U=") -> #REF!
A18: =AND(Database!#REF!,"AAAAAGP//QA=") -> #REF! | B18: =AND(Database!#REF!,"AAAAAGP//QE=") -> #REF! | C18: =AND(Database!#REF!,"AAAAAGP//QI=") -> #REF! | D18: =AND(Database!#REF!,"AAAAAGP//QM=") -> #REF! | E18: =AND(Database!#REF!,"AAAAAGP//QQ=") -> #REF! | F18: =AND(Database!#REF!,"AAAAAGP//QU=") -> #REF! | G18: =AND(Database!#REF!,"AAAAAGP//QY=") -> #REF! | H18: =AND(Database!#REF!,"AAAAAGP//Qc=") -> #REF! | I18: =AND(Database!#REF!,"AAAAAGP//Qg=") -> #REF! | J18: =AND(Database!#REF!,"AAAAAGP//Qk=") -> #REF! | K18: =AND(Database!#REF!,"AAAAAGP//Qo=") -> #REF! | L18: =AND(Database!#REF!,"AAAAAGP//Qs=") -> #REF! | M18: =AND(Database!#REF!,"AAAAAGP//Qw=") -> #REF! | N18: =AND(Database!#REF!,"AAAAAGP//Q0=") -> #REF! | O18: =AND(Database!#REF!,"AAAAAGP//Q4=") -> #REF! | P18: =AND(Database!#REF!,"AAAAAGP//Q8=") -> #REF! | Q18: =AND(Database!#REF!,"AAAAAGP//RA=") -> #REF! | R18: =AND(Database!#REF!,"AAAAAGP//RE=") -> #REF! | S18: =AND(Database!#REF!,"AAAAAGP//RI=") -> #REF! | T18: =AND(Database!#REF!,"AAAAAGP//RM=") -> #REF! | U18: =AND(Database!#REF!,"AAAAAGP//RQ=") -> #REF! | V18: =AND(Database!#REF!,"AAAAAGP//RU=") -> #REF! | W18: =AND(Database!#REF!,"AAAAAGP//RY=") -> #REF! | X18: =AND(Database!#REF!,"AAAAAGP//Rc=") -> #REF! | Y18: =AND(Database!#REF!,"AAAAAGP//Rg=") -> #REF! | Z18: =AND(Database!#REF!,"AAAAAGP//Rk=") -> #REF! | AA18: =AND(Database!#REF!,"AAAAAGP//Ro=") -> #REF! | AB18: =AND(Database!#REF!,"AAAAAGP//Rs=") -> #REF! | AC18: =AND(Database!#REF!,"AAAAAGP//Rw=") -> #REF! | AD18: =AND(Database!#REF!,"AAAAAGP//R0=") -> #REF! | AE18: =AND(Database!#REF!,"AAAAAGP//R4=") -> #REF! | AF18: =AND(Database!#REF!,"AAAAAGP//R8=") -> #REF! | AG18: =AND(Database!#REF!,"AAAAAGP//SA=") -> #REF! | AH18: =AND(Database!#REF!,"AAAAAGP//SE=") -> #REF! | AI18: =AND(Database!#REF!,"AAAAAGP//SI=") -> #REF! | AJ18: =AND(Database!#REF!,"AAAAAGP//SM=") -> #REF! | AK18: =AND(Database!#REF!,"AAAAAGP//SQ=") -> #REF! | AL18: =AND(Database!#REF!,"AAAAAGP//SU=") -> #REF! | AM18: =AND(Database!#REF!,"AAAAAGP//SY=") -> #REF! | AN18: =AND(Database!#REF!,"AAAAAGP//Sc=") -> #REF! | AO18: =AND(Database!#REF!,"AAAAAGP//Sg=") -> #REF! | AP18: =AND(Database!#REF!,"AAAAAGP//Sk=") -> #REF! | AQ18: =AND(Database!#REF!,"AAAAAGP//So=") -> #REF! | AR18: =AND(Database!#REF!,"AAAAAGP//Ss=") -> #REF! | AS18: =AND(Database!#REF!,"AAAAAGP//Sw=") -> #REF! | AT18: =AND(Database!#REF!,"AAAAAGP//S0=") -> #REF! | AU18: =AND(Database!#REF!,"AAAAAGP//S4=") -> #REF! | AV18: =AND(Database!#REF!,"AAAAAGP//S8=") -> #REF! | AW18: =AND(Database!#REF!,"AAAAAGP//TA=") -> #REF! | AX18: =AND(Database!#REF!,"AAAAAGP//TE=") -> #REF! | AY18: =AND(Database!#REF!,"AAAAAGP//TI=") -> #REF! | AZ18: =AND(Database!#REF!,"AAAAAGP//TM=") -> #REF! | BA18: =AND(Database!#REF!,"AAAAAGP//TQ=") -> #REF! | BB18: =AND(Database!#REF!,"AAAAAGP//TU=") -> #REF! | BC18: =AND(Database!#REF!,"AAAAAGP//TY=") -> #REF! | BD18: =AND(Database!#REF!,"AAAAAGP//Tc=") -> #REF! | BE18: =AND(Database!#REF!,"AAAAAGP//Tg=") -> #REF! | BF18: =AND(Database!#REF!,"AAAAAGP//Tk=") -> #REF! | BG18: =AND(Database!#REF!,"AAAAAGP//To=") -> #REF! | BH18: =AND(Database!#REF!,"AAAAAGP//Ts=") -> #REF! | BI18: =AND(Database!#REF!,"AAAAAGP//Tw=") -> #REF! | BJ18: =AND(Database!#REF!,"AAAAAGP//T0=") -> #REF! | BK18: =AND(Database!#REF!,"AAAAAGP//T4=") -> #REF! | BL18: =AND(Database!#REF!,"AAAAAGP//T8=") -> #REF! | BM18: =AND(Database!#REF!,"AAAAAGP//UA=") -> #REF! | BN18: =AND(Database!#REF!,"AAAAAGP//UE=") -> #REF! | BO18: =IF(Database!#REF!,"AAAAAGP//UI=",0) -> #REF! | BP18: =IF(Database!#REF!,"AAAAAGP//UM=",0) -> #REF! | BQ18: =IF(Database!#REF!,"AAAAAGP//UQ=",0) -> #REF! | BR18: =AND(Export!#REF!,"AAAAAGP//UU=") -> #REF! | BS18: =AND(Export!#REF!,"AAAAAGP//UY=") -> #REF! | BT18: =AND(Export!#REF!,"AAAAAGP//Uc=") -> #REF! | BU18: =AND(Export!#REF!,"AAAAAGP//Ug=") -> #REF! | BV18: =AND(Export!#REF!,"AAAAAGP//Uk=") -> #REF! | BW18: =AND(Export!#REF!,"AAAAAGP//Uo=") -> #REF! | BX18: =AND(Export!#REF!,"AAAAAGP//Us=") -> #REF! | BY18: =AND(Export!#REF!,"AAAAAGP//Uw=") -> #REF! | BZ18: =AND(Export!#REF!,"AAAAAGP//U0=") -> #REF! | CA18: =AND(Export!#REF!,"AAAAAGP//U4=") -> #REF!
A19: =AND(Database!#REF!,"AAAAAGn++wA=") -> #REF! | B19: =AND(Database!#REF!,"AAAAAGn++wE=") -> #REF! | C19: =AND(Database!#REF!,"AAAAAGn++wI=") -> #REF! | D19: =AND(Database!#REF!,"AAAAAGn++wM=") -> #REF! | E19: =AND(Database!#REF!,"AAAAAGn++wQ=") -> #REF! | F19: =AND(Database!#REF!,"AAAAAGn++wU=") -> #REF! | G19: =AND(Database!#REF!,"AAAAAGn++wY=") -> #REF! | H19: =AND(Database!#REF!,"AAAAAGn++wc=") -> #REF! | I19: =AND(Database!#REF!,"AAAAAGn++wg=") -> #REF! | J19: =AND(Database!#REF!,"AAAAAGn++wk=") -> #REF! | K19: =AND(Database!#REF!,"AAAAAGn++wo=") -> #REF! | L19: =AND(Database!#REF!,"AAAAAGn++ws=") -> #REF! | M19: =AND(Database!#REF!,"AAAAAGn++ww=") -> #REF! | N19: =AND(Database!#REF!,"AAAAAGn++w0=") -> #REF! | O19: =AND(Database!#REF!,"AAAAAGn++w4=") -> #REF! | P19: =AND(Database!#REF!,"AAAAAGn++w8=") -> #REF! | Q19: =AND(Database!#REF!,"AAAAAGn++xA=") -> #REF! | R19: =AND(Database!#REF!,"AAAAAGn++xE=") -> #REF! | S19: =AND(Database!#REF!,"AAAAAGn++xI=") -> #REF! | T19: =AND(Database!#REF!,"AAAAAGn++xM=") -> #REF! | U19: =AND(Database!#REF!,"AAAAAGn++xQ=") -> #REF! | V19: =AND(Database!#REF!,"AAAAAGn++xU=") -> #REF! | W19: =AND(Database!#REF!,"AAAAAGn++xY=") -> #REF! | X19: =AND(Database!#REF!,"AAAAAGn++xc=") -> #REF! | Y19: =AND(Database!#REF!,"AAAAAGn++xg=") -> #REF! | Z19: =AND(Database!#REF!,"AAAAAGn++xk=") -> #REF! | AA19: =AND(Database!#REF!,"AAAAAGn++xo=") -> #REF! | AB19: =AND(Database!#REF!,"AAAAAGn++xs=") -> #REF! | AC19: =AND(Database!#REF!,"AAAAAGn++xw=") -> #REF! | AD19: =AND(Database!#REF!,"AAAAAGn++x0=") -> #REF! | AE19: =AND(Database!#REF!,"AAAAAGn++x4=") -> #REF! | AF19: =AND(Database!#REF!,"AAAAAGn++x8=") -> #REF! | AG19: =AND(Database!#REF!,"AAAAAGn++yA=") -> #REF! | AH19: =AND(Database!#REF!,"AAAAAGn++yE=") -> #REF! | AI19: =AND(Database!#REF!,"AAAAAGn++yI=") -> #REF! | AJ19: =AND(Database!#REF!,"AAAAAGn++yM=") -> #REF! | AK19: =AND(Database!#REF!,"AAAAAGn++yQ=") -> #REF! | AL19: =AND(Database!#REF!,"AAAAAGn++yU=") -> #REF! | AM19: =AND(Database!#REF!,"AAAAAGn++yY=") -> #REF! | AN19: =AND(Database!#REF!,"AAAAAGn++yc=") -> #REF! | AO19: =AND(Database!#REF!,"AAAAAGn++yg=") -> #REF! | AP19: =AND(Database!#REF!,"AAAAAGn++yk=") -> #REF! | AQ19: =AND(Database!#REF!,"AAAAAGn++yo=") -> #REF! | AR19: =AND(Database!#REF!,"AAAAAGn++ys=") -> #REF! | AS19: =IF(Database!#REF!,"AAAAAGn++yw=",0) -> #REF! | AT19: =IF(Database!#REF!,"AAAAAGn++y0=",0) -> #REF!
